Copyright 1986-2022 Xilinx, Inc. All Rights Reserved. Copyright 2022-2023 Advanced Micro Devices, Inc. All Rights Reserved.
---------------------------------------------------------------------------------------------------------------------------------------------------------------------------------------------------------------------------------
| Tool Version : Vivado v.2023.2 (win64) Build 4029153 Fri Oct 13 20:14:34 MDT 2023
| Date         : Sun Apr 13 22:40:52 2025
| Host         : LAPTOP-G2H00B5B running 64-bit major release  (build 9200)
| Command      : report_timing_summary -max_paths 10 -report_unconstrained -file alchitry_top_timing_summary_routed.rpt -pb alchitry_top_timing_summary_routed.pb -rpx alchitry_top_timing_summary_routed.rpx -warn_on_violation
| Design       : alchitry_top
| Device       : 7a35t-ftg256
| Speed File   : -1  PRODUCTION 1.23 2018-06-13
| Design State : Routed
---------------------------------------------------------------------------------------------------------------------------------------------------------------------------------------------------------------------------------

Timing Summary Report

------------------------------------------------------------------------------------------------
| Timer Settings
| --------------
------------------------------------------------------------------------------------------------

  Enable Multi Corner Analysis               :  Yes
  Enable Pessimism Removal                   :  Yes
  Pessimism Removal Resolution               :  Nearest Common Node
  Enable Input Delay Default Clock           :  No
  Enable Preset / Clear Arcs                 :  No
  Disable Flight Delays                      :  No
  Ignore I/O Paths                           :  No
  Timing Early Launch at Borrowing Latches   :  No
  Borrow Time for Max Delay Exceptions       :  Yes
  Merge Timing Exceptions                    :  Yes
  Inter-SLR Compensation                     :  Conservative

  Corner  Analyze    Analyze    
  Name    Max Paths  Min Paths  
  ------  ---------  ---------  
  Slow    Yes        Yes        
  Fast    Yes        Yes        


------------------------------------------------------------------------------------------------
| Report Methodology
| ------------------
------------------------------------------------------------------------------------------------

Rule       Severity  Description                    Violations  
---------  --------  -----------------------------  ----------  
TIMING-18  Warning   Missing input or output delay  32          

Note: This report is based on the most recent report_methodology run and may not be up-to-date. Run report_methodology on the current design for the latest report.



check_timing report

Table of Contents
-----------------
1. checking no_clock (0)
2. checking constant_clock (0)
3. checking pulse_width_clock (0)
4. checking unconstrained_internal_endpoints (0)
5. checking no_input_delay (9)
6. checking no_output_delay (12)
7. checking multiple_clock (0)
8. checking generated_clocks (0)
9. checking loops (0)
10. checking partial_input_delay (0)
11. checking partial_output_delay (0)
12. checking latch_loops (0)

1. checking no_clock (0)
------------------------
 There are 0 register/latch pins with no clock.


2. checking constant_clock (0)
------------------------------
 There are 0 register/latch pins with constant_clock.


3. checking pulse_width_clock (0)
---------------------------------
 There are 0 register/latch pins which need pulse_width check


4. checking unconstrained_internal_endpoints (0)
------------------------------------------------
 There are 0 pins that are not constrained for maximum delay.

 There are 0 pins that are not constrained for maximum delay due to constant clock.


5. checking no_input_delay (9)
------------------------------
 There are 9 input ports with no input delay specified. (HIGH)

 There are 0 input ports with no input delay but user has a false path constraint.


6. checking no_output_delay (12)
--------------------------------
 There are 12 ports with no output delay specified. (HIGH)

 There are 0 ports with no output delay but user has a false path constraint

 There are 0 ports with no output delay but with a timing clock defined on it or propagating through it


7. checking multiple_clock (0)
------------------------------
 There are 0 register/latch pins with multiple clocks.


8. checking generated_clocks (0)
--------------------------------
 There are 0 generated clocks that are not connected to a clock source.


9. checking loops (0)
---------------------
 There are 0 combinational loops in the design.


10. checking partial_input_delay (0)
------------------------------------
 There are 0 input ports with partial input delay specified.


11. checking partial_output_delay (0)
-------------------------------------
 There are 0 ports with partial output delay specified.


12. checking latch_loops (0)
----------------------------
 There are 0 combinational latch loops in the design through latch input



------------------------------------------------------------------------------------------------
| Design Timing Summary
| ---------------------
------------------------------------------------------------------------------------------------

    WNS(ns)      TNS(ns)  TNS Failing Endpoints  TNS Total Endpoints      WHS(ns)      THS(ns)  THS Failing Endpoints  THS Total Endpoints     WPWS(ns)     TPWS(ns)  TPWS Failing Endpoints  TPWS Total Endpoints  
    -------      -------  ---------------------  -------------------      -------      -------  ---------------------  -------------------     --------     --------  ----------------------  --------------------  
     84.141        0.000                      0                 1817        0.150        0.000                      0                 1817       49.500        0.000                       0                   653  


All user specified timing constraints are met.


------------------------------------------------------------------------------------------------
| Clock Summary
| -------------
------------------------------------------------------------------------------------------------

Clock  Waveform(ns)         Period(ns)      Frequency(MHz)
-----  ------------         ----------      --------------
clk_0  {0.000 50.000}       100.000         10.000          


------------------------------------------------------------------------------------------------
| Intra Clock Table
| -----------------
------------------------------------------------------------------------------------------------

Clock             WNS(ns)      TNS(ns)  TNS Failing Endpoints  TNS Total Endpoints      WHS(ns)      THS(ns)  THS Failing Endpoints  THS Total Endpoints     WPWS(ns)     TPWS(ns)  TPWS Failing Endpoints  TPWS Total Endpoints  
-----             -------      -------  ---------------------  -------------------      -------      -------  ---------------------  -------------------     --------     --------  ----------------------  --------------------  
clk_0              84.141        0.000                      0                 1817        0.150        0.000                      0                 1817       49.500        0.000                       0                   653  


------------------------------------------------------------------------------------------------
| Inter Clock Table
| -----------------
------------------------------------------------------------------------------------------------

From Clock    To Clock          WNS(ns)      TNS(ns)  TNS Failing Endpoints  TNS Total Endpoints      WHS(ns)      THS(ns)  THS Failing Endpoints  THS Total Endpoints  
----------    --------          -------      -------  ---------------------  -------------------      -------      -------  ---------------------  -------------------  


------------------------------------------------------------------------------------------------
| Other Path Groups Table
| -----------------------
------------------------------------------------------------------------------------------------

Path Group    From Clock    To Clock          WNS(ns)      TNS(ns)  TNS Failing Endpoints  TNS Total Endpoints      WHS(ns)      THS(ns)  THS Failing Endpoints  THS Total Endpoints  
----------    ----------    --------          -------      -------  ---------------------  -------------------      -------      -------  ---------------------  -------------------  


------------------------------------------------------------------------------------------------
| User Ignored Path Table
| -----------------------
------------------------------------------------------------------------------------------------

Path Group    From Clock    To Clock    
----------    ----------    --------    


------------------------------------------------------------------------------------------------
| Unconstrained Path Table
| ------------------------
------------------------------------------------------------------------------------------------

Path Group    From Clock    To Clock    
----------    ----------    --------    
(none)                                    
(none)        clk_0                       
(none)                      clk_0         


------------------------------------------------------------------------------------------------
| Timing Details
| --------------
------------------------------------------------------------------------------------------------


---------------------------------------------------------------------------------------------------
From Clock:  clk_0
  To Clock:  clk_0

Setup :            0  Failing Endpoints,  Worst Slack       84.141ns,  Total Violation        0.000ns
Hold  :            0  Failing Endpoints,  Worst Slack        0.150ns,  Total Violation        0.000ns
PW    :            0  Failing Endpoints,  Worst Slack       49.500ns,  Total Violation        0.000ns
---------------------------------------------------------------------------------------------------


Max Delay Paths
--------------------------------------------------------------------------------------
Slack (MET) :             84.141ns  (required time - arrival time)
  Source:                 game_datapath/gameStates/p1_green_btn_cond/D_ctr_q_reg[3]/C
                            (rising edge-triggered cell FDRE clocked by clk_0  {rise@0.000ns fall@50.000ns period=100.000ns})
  Destination:            game_datapath/regfile/D_p2_correct_q_reg[0]/D
                            (rising edge-triggered cell FDRE clocked by clk_0  {rise@0.000ns fall@50.000ns period=100.000ns})
  Path Group:             clk_0
  Path Type:              Setup (Max at Slow Process Corner)
  Requirement:            100.000ns  (clk_0 rise@100.000ns - clk_0 rise@0.000ns)
  Data Path Delay:        15.483ns  (logic 2.846ns (18.382%)  route 12.637ns (81.618%))
  Logic Levels:           13  (CARRY4=3 LUT2=1 LUT6=8 MUXF7=1)
  Clock Path Skew:        -0.101ns (DCD - SCD + CPR)
    Destination Clock Delay (DCD):    4.840ns = ( 104.840 - 100.000 ) 
    Source Clock Delay      (SCD):    5.199ns
    Clock Pessimism Removal (CPR):    0.258ns
  Clock Uncertainty:      0.035ns  ((TSJ^2 + TIJ^2)^1/2 + DJ) / 2 + PE
    Total System Jitter     (TSJ):    0.071ns
    Total Input Jitter      (TIJ):    0.000ns
    Discrete Jitter          (DJ):    0.000ns
    Phase Error              (PE):    0.000ns

    Location             Delay type                Incr(ns)  Path(ns)    Netlist Resource(s)
  -------------------------------------------------------------------    -------------------
                         (clock clk_0 rise edge)      0.000     0.000 r  
    N14                                               0.000     0.000 r  clk (IN)
                         net (fo=0)                   0.000     0.000    clk
    N14                  IBUF (Prop_ibuf_I_O)         1.517     1.517 r  clk_IBUF_inst/O
                         net (fo=1, routed)           1.972     3.488    clk_IBUF
    BUFGCTRL_X0Y0        BUFG (Prop_bufg_I_O)         0.096     3.584 r  clk_IBUF_BUFG_inst/O
                         net (fo=652, routed)         1.615     5.199    game_datapath/gameStates/p1_green_btn_cond/clk_IBUF_BUFG
    SLICE_X62Y81         FDRE                                         r  game_datapath/gameStates/p1_green_btn_cond/D_ctr_q_reg[3]/C
  -------------------------------------------------------------------    -------------------
    SLICE_X62Y81         FDRE (Prop_fdre_C_Q)         0.456     5.655 f  game_datapath/gameStates/p1_green_btn_cond/D_ctr_q_reg[3]/Q
                         net (fo=3, routed)           1.118     6.773    game_datapath/gameStates/p1_green_btn_cond/D_ctr_q_reg[3]
    SLICE_X63Y81         LUT6 (Prop_lut6_I0_O)        0.124     6.897 r  game_datapath/gameStates/p1_green_btn_cond/D_ctr_q[0]_i_4__0/O
                         net (fo=1, routed)           0.638     7.535    game_datapath/gameStates/p1_green_btn_cond/D_ctr_q[0]_i_4__0_n_0
    SLICE_X63Y82         LUT6 (Prop_lut6_I0_O)        0.124     7.659 r  game_datapath/gameStates/p1_green_btn_cond/D_ctr_q[0]_i_2__4/O
                         net (fo=18, routed)          1.268     8.927    game_datapath/gameStates/p1_red_or_start_btn_cond/D_p1_lives_q[31]_i_14
    SLICE_X60Y85         LUT6 (Prop_lut6_I3_O)        0.124     9.051 r  game_datapath/gameStates/p1_red_or_start_btn_cond/FSM_sequential_D_game_state_q[3]_i_3/O
                         net (fo=8, routed)           0.994    10.045    game_datapath/gameStates/p1_red_or_start_btn_cond/D_last_q_reg
    SLICE_X59Y87         LUT6 (Prop_lut6_I2_O)        0.124    10.169 r  game_datapath/gameStates/p1_red_or_start_btn_cond/FSM_sequential_D_game_state_q[4]_i_14/O
                         net (fo=65, routed)          3.626    13.795    game_datapath/regfile/i__carry__6_i_17
    SLICE_X51Y83         LUT6 (Prop_lut6_I2_O)        0.124    13.919 r  game_datapath/regfile/i__carry_i_23/O
                         net (fo=1, routed)           0.426    14.345    game_datapath/regfile/i__carry_i_23_n_0
    SLICE_X49Y84         LUT6 (Prop_lut6_I0_O)        0.124    14.469 r  game_datapath/regfile/i__carry_i_13/O
                         net (fo=13, routed)          1.427    15.896    game_datapath/gameStates/p1_red_or_start_btn_cond/D_p1_lives_q_reg[4]_i_2_0
    SLICE_X54Y89         LUT6 (Prop_lut6_I5_O)        0.124    16.020 r  game_datapath/gameStates/p1_red_or_start_btn_cond/i__carry_i_3__0/O
                         net (fo=1, routed)           0.000    16.020    game_datapath/game_alu/out_sig0_inferred__7/i__carry__0_0[1]
    SLICE_X54Y89         CARRY4 (Prop_carry4_S[1]_CO[3])
                                                      0.533    16.553 r  game_datapath/game_alu/out_sig0_inferred__7/i__carry/CO[3]
                         net (fo=1, routed)           0.000    16.553    game_datapath/game_alu/out_sig0_inferred__7/i__carry_n_0
    SLICE_X54Y90         CARRY4 (Prop_carry4_CI_CO[3])
                                                      0.117    16.670 r  game_datapath/game_alu/out_sig0_inferred__7/i__carry__0/CO[3]
                         net (fo=1, routed)           0.000    16.670    game_datapath/game_alu/out_sig0_inferred__7/i__carry__0_n_0
    SLICE_X54Y91         CARRY4 (Prop_carry4_CI_CO[2])
                                                      0.229    16.899 r  game_datapath/game_alu/out_sig0_inferred__7/i__carry__1/CO[2]
                         net (fo=1, routed)           1.125    18.025    game_datapath/gameStates/p1_red_or_start_btn_cond/CO[0]
    SLICE_X54Y85         LUT2 (Prop_lut2_I0_O)        0.310    18.335 f  game_datapath/gameStates/p1_red_or_start_btn_cond/D_p1_lives_q[0]_i_5/O
                         net (fo=1, routed)           0.838    19.173    game_datapath/gameStates/p1_red_or_start_btn_cond/D_p1_lives_q[0]_i_5_n_0
    SLICE_X52Y85         LUT6 (Prop_lut6_I2_O)        0.124    19.297 r  game_datapath/gameStates/p1_red_or_start_btn_cond/D_p1_lives_q[0]_i_2/O
                         net (fo=1, routed)           0.000    19.297    game_datapath/gameStates/p1_red_or_start_btn_cond/D_p1_lives_q[0]_i_2_n_0
    SLICE_X52Y85         MUXF7 (Prop_muxf7_I0_O)      0.209    19.506 r  game_datapath/gameStates/p1_red_or_start_btn_cond/D_p1_lives_q_reg[0]_i_1/O
                         net (fo=9, routed)           1.176    20.682    game_datapath/regfile/D[0]
    SLICE_X57Y83         FDRE                                         r  game_datapath/regfile/D_p2_correct_q_reg[0]/D
  -------------------------------------------------------------------    -------------------

                         (clock clk_0 rise edge)    100.000   100.000 r  
    N14                                               0.000   100.000 r  clk (IN)
                         net (fo=0)                   0.000   100.000    clk
    N14                  IBUF (Prop_ibuf_I_O)         1.446   101.446 r  clk_IBUF_inst/O
                         net (fo=1, routed)           1.868   103.314    clk_IBUF
    BUFGCTRL_X0Y0        BUFG (Prop_bufg_I_O)         0.091   103.405 r  clk_IBUF_BUFG_inst/O
                         net (fo=652, routed)         1.436   104.840    game_datapath/regfile/clk_IBUF_BUFG
    SLICE_X57Y83         FDRE                                         r  game_datapath/regfile/D_p2_correct_q_reg[0]/C
                         clock pessimism              0.258   105.098    
                         clock uncertainty           -0.035   105.063    
    SLICE_X57Y83         FDRE (Setup_fdre_C_D)       -0.240   104.823    game_datapath/regfile/D_p2_correct_q_reg[0]
  -------------------------------------------------------------------
                         required time                        104.823    
                         arrival time                         -20.682    
  -------------------------------------------------------------------
                         slack                                 84.141    

Slack (MET) :             84.177ns  (required time - arrival time)
  Source:                 game_datapath/gameStates/p1_green_btn_cond/D_ctr_q_reg[3]/C
                            (rising edge-triggered cell FDRE clocked by clk_0  {rise@0.000ns fall@50.000ns period=100.000ns})
  Destination:            game_datapath/regfile/D_p1_correct_q_reg[0]/D
                            (rising edge-triggered cell FDRE clocked by clk_0  {rise@0.000ns fall@50.000ns period=100.000ns})
  Path Group:             clk_0
  Path Type:              Setup (Max at Slow Process Corner)
  Requirement:            100.000ns  (clk_0 rise@100.000ns - clk_0 rise@0.000ns)
  Data Path Delay:        15.483ns  (logic 2.846ns (18.382%)  route 12.637ns (81.618%))
  Logic Levels:           13  (CARRY4=3 LUT2=1 LUT6=8 MUXF7=1)
  Clock Path Skew:        -0.101ns (DCD - SCD + CPR)
    Destination Clock Delay (DCD):    4.840ns = ( 104.840 - 100.000 ) 
    Source Clock Delay      (SCD):    5.199ns
    Clock Pessimism Removal (CPR):    0.258ns
  Clock Uncertainty:      0.035ns  ((TSJ^2 + TIJ^2)^1/2 + DJ) / 2 + PE
    Total System Jitter     (TSJ):    0.071ns
    Total Input Jitter      (TIJ):    0.000ns
    Discrete Jitter          (DJ):    0.000ns
    Phase Error              (PE):    0.000ns

    Location             Delay type                Incr(ns)  Path(ns)    Netlist Resource(s)
  -------------------------------------------------------------------    -------------------
                         (clock clk_0 rise edge)      0.000     0.000 r  
    N14                                               0.000     0.000 r  clk (IN)
                         net (fo=0)                   0.000     0.000    clk
    N14                  IBUF (Prop_ibuf_I_O)         1.517     1.517 r  clk_IBUF_inst/O
                         net (fo=1, routed)           1.972     3.488    clk_IBUF
    BUFGCTRL_X0Y0        BUFG (Prop_bufg_I_O)         0.096     3.584 r  clk_IBUF_BUFG_inst/O
                         net (fo=652, routed)         1.615     5.199    game_datapath/gameStates/p1_green_btn_cond/clk_IBUF_BUFG
    SLICE_X62Y81         FDRE                                         r  game_datapath/gameStates/p1_green_btn_cond/D_ctr_q_reg[3]/C
  -------------------------------------------------------------------    -------------------
    SLICE_X62Y81         FDRE (Prop_fdre_C_Q)         0.456     5.655 f  game_datapath/gameStates/p1_green_btn_cond/D_ctr_q_reg[3]/Q
                         net (fo=3, routed)           1.118     6.773    game_datapath/gameStates/p1_green_btn_cond/D_ctr_q_reg[3]
    SLICE_X63Y81         LUT6 (Prop_lut6_I0_O)        0.124     6.897 r  game_datapath/gameStates/p1_green_btn_cond/D_ctr_q[0]_i_4__0/O
                         net (fo=1, routed)           0.638     7.535    game_datapath/gameStates/p1_green_btn_cond/D_ctr_q[0]_i_4__0_n_0
    SLICE_X63Y82         LUT6 (Prop_lut6_I0_O)        0.124     7.659 r  game_datapath/gameStates/p1_green_btn_cond/D_ctr_q[0]_i_2__4/O
                         net (fo=18, routed)          1.268     8.927    game_datapath/gameStates/p1_red_or_start_btn_cond/D_p1_lives_q[31]_i_14
    SLICE_X60Y85         LUT6 (Prop_lut6_I3_O)        0.124     9.051 r  game_datapath/gameStates/p1_red_or_start_btn_cond/FSM_sequential_D_game_state_q[3]_i_3/O
                         net (fo=8, routed)           0.994    10.045    game_datapath/gameStates/p1_red_or_start_btn_cond/D_last_q_reg
    SLICE_X59Y87         LUT6 (Prop_lut6_I2_O)        0.124    10.169 r  game_datapath/gameStates/p1_red_or_start_btn_cond/FSM_sequential_D_game_state_q[4]_i_14/O
                         net (fo=65, routed)          3.626    13.795    game_datapath/regfile/i__carry__6_i_17
    SLICE_X51Y83         LUT6 (Prop_lut6_I2_O)        0.124    13.919 r  game_datapath/regfile/i__carry_i_23/O
                         net (fo=1, routed)           0.426    14.345    game_datapath/regfile/i__carry_i_23_n_0
    SLICE_X49Y84         LUT6 (Prop_lut6_I0_O)        0.124    14.469 r  game_datapath/regfile/i__carry_i_13/O
                         net (fo=13, routed)          1.427    15.896    game_datapath/gameStates/p1_red_or_start_btn_cond/D_p1_lives_q_reg[4]_i_2_0
    SLICE_X54Y89         LUT6 (Prop_lut6_I5_O)        0.124    16.020 r  game_datapath/gameStates/p1_red_or_start_btn_cond/i__carry_i_3__0/O
                         net (fo=1, routed)           0.000    16.020    game_datapath/game_alu/out_sig0_inferred__7/i__carry__0_0[1]
    SLICE_X54Y89         CARRY4 (Prop_carry4_S[1]_CO[3])
                                                      0.533    16.553 r  game_datapath/game_alu/out_sig0_inferred__7/i__carry/CO[3]
                         net (fo=1, routed)           0.000    16.553    game_datapath/game_alu/out_sig0_inferred__7/i__carry_n_0
    SLICE_X54Y90         CARRY4 (Prop_carry4_CI_CO[3])
                                                      0.117    16.670 r  game_datapath/game_alu/out_sig0_inferred__7/i__carry__0/CO[3]
                         net (fo=1, routed)           0.000    16.670    game_datapath/game_alu/out_sig0_inferred__7/i__carry__0_n_0
    SLICE_X54Y91         CARRY4 (Prop_carry4_CI_CO[2])
                                                      0.229    16.899 r  game_datapath/game_alu/out_sig0_inferred__7/i__carry__1/CO[2]
                         net (fo=1, routed)           1.125    18.025    game_datapath/gameStates/p1_red_or_start_btn_cond/CO[0]
    SLICE_X54Y85         LUT2 (Prop_lut2_I0_O)        0.310    18.335 f  game_datapath/gameStates/p1_red_or_start_btn_cond/D_p1_lives_q[0]_i_5/O
                         net (fo=1, routed)           0.838    19.173    game_datapath/gameStates/p1_red_or_start_btn_cond/D_p1_lives_q[0]_i_5_n_0
    SLICE_X52Y85         LUT6 (Prop_lut6_I2_O)        0.124    19.297 r  game_datapath/gameStates/p1_red_or_start_btn_cond/D_p1_lives_q[0]_i_2/O
                         net (fo=1, routed)           0.000    19.297    game_datapath/gameStates/p1_red_or_start_btn_cond/D_p1_lives_q[0]_i_2_n_0
    SLICE_X52Y85         MUXF7 (Prop_muxf7_I0_O)      0.209    19.506 r  game_datapath/gameStates/p1_red_or_start_btn_cond/D_p1_lives_q_reg[0]_i_1/O
                         net (fo=9, routed)           1.176    20.682    game_datapath/regfile/D[0]
    SLICE_X56Y83         FDRE                                         r  game_datapath/regfile/D_p1_correct_q_reg[0]/D
  -------------------------------------------------------------------    -------------------

                         (clock clk_0 rise edge)    100.000   100.000 r  
    N14                                               0.000   100.000 r  clk (IN)
                         net (fo=0)                   0.000   100.000    clk
    N14                  IBUF (Prop_ibuf_I_O)         1.446   101.446 r  clk_IBUF_inst/O
                         net (fo=1, routed)           1.868   103.314    clk_IBUF
    BUFGCTRL_X0Y0        BUFG (Prop_bufg_I_O)         0.091   103.405 r  clk_IBUF_BUFG_inst/O
                         net (fo=652, routed)         1.436   104.840    game_datapath/regfile/clk_IBUF_BUFG
    SLICE_X56Y83         FDRE                                         r  game_datapath/regfile/D_p1_correct_q_reg[0]/C
                         clock pessimism              0.258   105.098    
                         clock uncertainty           -0.035   105.063    
    SLICE_X56Y83         FDRE (Setup_fdre_C_D)       -0.204   104.859    game_datapath/regfile/D_p1_correct_q_reg[0]
  -------------------------------------------------------------------
                         required time                        104.859    
                         arrival time                         -20.682    
  -------------------------------------------------------------------
                         slack                                 84.177    

Slack (MET) :             84.452ns  (required time - arrival time)
  Source:                 game_datapath/gameStates/p1_green_btn_cond/D_ctr_q_reg[3]/C
                            (rising edge-triggered cell FDRE clocked by clk_0  {rise@0.000ns fall@50.000ns period=100.000ns})
  Destination:            game_datapath/regfile/D_p1_colour_q_reg[0]/D
                            (rising edge-triggered cell FDSE clocked by clk_0  {rise@0.000ns fall@50.000ns period=100.000ns})
  Path Group:             clk_0
  Path Type:              Setup (Max at Slow Process Corner)
  Requirement:            100.000ns  (clk_0 rise@100.000ns - clk_0 rise@0.000ns)
  Data Path Delay:        15.171ns  (logic 2.846ns (18.760%)  route 12.325ns (81.240%))
  Logic Levels:           13  (CARRY4=3 LUT2=1 LUT6=8 MUXF7=1)
  Clock Path Skew:        -0.102ns (DCD - SCD + CPR)
    Destination Clock Delay (DCD):    4.839ns = ( 104.839 - 100.000 ) 
    Source Clock Delay      (SCD):    5.199ns
    Clock Pessimism Removal (CPR):    0.258ns
  Clock Uncertainty:      0.035ns  ((TSJ^2 + TIJ^2)^1/2 + DJ) / 2 + PE
    Total System Jitter     (TSJ):    0.071ns
    Total Input Jitter      (TIJ):    0.000ns
    Discrete Jitter          (DJ):    0.000ns
    Phase Error              (PE):    0.000ns

    Location             Delay type                Incr(ns)  Path(ns)    Netlist Resource(s)
  -------------------------------------------------------------------    -------------------
                         (clock clk_0 rise edge)      0.000     0.000 r  
    N14                                               0.000     0.000 r  clk (IN)
                         net (fo=0)                   0.000     0.000    clk
    N14                  IBUF (Prop_ibuf_I_O)         1.517     1.517 r  clk_IBUF_inst/O
                         net (fo=1, routed)           1.972     3.488    clk_IBUF
    BUFGCTRL_X0Y0        BUFG (Prop_bufg_I_O)         0.096     3.584 r  clk_IBUF_BUFG_inst/O
                         net (fo=652, routed)         1.615     5.199    game_datapath/gameStates/p1_green_btn_cond/clk_IBUF_BUFG
    SLICE_X62Y81         FDRE                                         r  game_datapath/gameStates/p1_green_btn_cond/D_ctr_q_reg[3]/C
  -------------------------------------------------------------------    -------------------
    SLICE_X62Y81         FDRE (Prop_fdre_C_Q)         0.456     5.655 f  game_datapath/gameStates/p1_green_btn_cond/D_ctr_q_reg[3]/Q
                         net (fo=3, routed)           1.118     6.773    game_datapath/gameStates/p1_green_btn_cond/D_ctr_q_reg[3]
    SLICE_X63Y81         LUT6 (Prop_lut6_I0_O)        0.124     6.897 r  game_datapath/gameStates/p1_green_btn_cond/D_ctr_q[0]_i_4__0/O
                         net (fo=1, routed)           0.638     7.535    game_datapath/gameStates/p1_green_btn_cond/D_ctr_q[0]_i_4__0_n_0
    SLICE_X63Y82         LUT6 (Prop_lut6_I0_O)        0.124     7.659 r  game_datapath/gameStates/p1_green_btn_cond/D_ctr_q[0]_i_2__4/O
                         net (fo=18, routed)          1.268     8.927    game_datapath/gameStates/p1_red_or_start_btn_cond/D_p1_lives_q[31]_i_14
    SLICE_X60Y85         LUT6 (Prop_lut6_I3_O)        0.124     9.051 r  game_datapath/gameStates/p1_red_or_start_btn_cond/FSM_sequential_D_game_state_q[3]_i_3/O
                         net (fo=8, routed)           0.994    10.045    game_datapath/gameStates/p1_red_or_start_btn_cond/D_last_q_reg
    SLICE_X59Y87         LUT6 (Prop_lut6_I2_O)        0.124    10.169 r  game_datapath/gameStates/p1_red_or_start_btn_cond/FSM_sequential_D_game_state_q[4]_i_14/O
                         net (fo=65, routed)          3.626    13.795    game_datapath/regfile/i__carry__6_i_17
    SLICE_X51Y83         LUT6 (Prop_lut6_I2_O)        0.124    13.919 r  game_datapath/regfile/i__carry_i_23/O
                         net (fo=1, routed)           0.426    14.345    game_datapath/regfile/i__carry_i_23_n_0
    SLICE_X49Y84         LUT6 (Prop_lut6_I0_O)        0.124    14.469 r  game_datapath/regfile/i__carry_i_13/O
                         net (fo=13, routed)          1.427    15.896    game_datapath/gameStates/p1_red_or_start_btn_cond/D_p1_lives_q_reg[4]_i_2_0
    SLICE_X54Y89         LUT6 (Prop_lut6_I5_O)        0.124    16.020 r  game_datapath/gameStates/p1_red_or_start_btn_cond/i__carry_i_3__0/O
                         net (fo=1, routed)           0.000    16.020    game_datapath/game_alu/out_sig0_inferred__7/i__carry__0_0[1]
    SLICE_X54Y89         CARRY4 (Prop_carry4_S[1]_CO[3])
                                                      0.533    16.553 r  game_datapath/game_alu/out_sig0_inferred__7/i__carry/CO[3]
                         net (fo=1, routed)           0.000    16.553    game_datapath/game_alu/out_sig0_inferred__7/i__carry_n_0
    SLICE_X54Y90         CARRY4 (Prop_carry4_CI_CO[3])
                                                      0.117    16.670 r  game_datapath/game_alu/out_sig0_inferred__7/i__carry__0/CO[3]
                         net (fo=1, routed)           0.000    16.670    game_datapath/game_alu/out_sig0_inferred__7/i__carry__0_n_0
    SLICE_X54Y91         CARRY4 (Prop_carry4_CI_CO[2])
                                                      0.229    16.899 r  game_datapath/game_alu/out_sig0_inferred__7/i__carry__1/CO[2]
                         net (fo=1, routed)           1.125    18.025    game_datapath/gameStates/p1_red_or_start_btn_cond/CO[0]
    SLICE_X54Y85         LUT2 (Prop_lut2_I0_O)        0.310    18.335 f  game_datapath/gameStates/p1_red_or_start_btn_cond/D_p1_lives_q[0]_i_5/O
                         net (fo=1, routed)           0.838    19.173    game_datapath/gameStates/p1_red_or_start_btn_cond/D_p1_lives_q[0]_i_5_n_0
    SLICE_X52Y85         LUT6 (Prop_lut6_I2_O)        0.124    19.297 r  game_datapath/gameStates/p1_red_or_start_btn_cond/D_p1_lives_q[0]_i_2/O
                         net (fo=1, routed)           0.000    19.297    game_datapath/gameStates/p1_red_or_start_btn_cond/D_p1_lives_q[0]_i_2_n_0
    SLICE_X52Y85         MUXF7 (Prop_muxf7_I0_O)      0.209    19.506 r  game_datapath/gameStates/p1_red_or_start_btn_cond/D_p1_lives_q_reg[0]_i_1/O
                         net (fo=9, routed)           0.864    20.370    game_datapath/regfile/D[0]
    SLICE_X55Y83         FDSE                                         r  game_datapath/regfile/D_p1_colour_q_reg[0]/D
  -------------------------------------------------------------------    -------------------

                         (clock clk_0 rise edge)    100.000   100.000 r  
    N14                                               0.000   100.000 r  clk (IN)
                         net (fo=0)                   0.000   100.000    clk
    N14                  IBUF (Prop_ibuf_I_O)         1.446   101.446 r  clk_IBUF_inst/O
                         net (fo=1, routed)           1.868   103.314    clk_IBUF
    BUFGCTRL_X0Y0        BUFG (Prop_bufg_I_O)         0.091   103.405 r  clk_IBUF_BUFG_inst/O
                         net (fo=652, routed)         1.435   104.839    game_datapath/regfile/clk_IBUF_BUFG
    SLICE_X55Y83         FDSE                                         r  game_datapath/regfile/D_p1_colour_q_reg[0]/C
                         clock pessimism              0.258   105.097    
                         clock uncertainty           -0.035   105.062    
    SLICE_X55Y83         FDSE (Setup_fdse_C_D)       -0.240   104.822    game_datapath/regfile/D_p1_colour_q_reg[0]
  -------------------------------------------------------------------
                         required time                        104.822    
                         arrival time                         -20.370    
  -------------------------------------------------------------------
                         slack                                 84.452    

Slack (MET) :             84.488ns  (required time - arrival time)
  Source:                 game_datapath/gameStates/p1_green_btn_cond/D_ctr_q_reg[3]/C
                            (rising edge-triggered cell FDRE clocked by clk_0  {rise@0.000ns fall@50.000ns period=100.000ns})
  Destination:            game_datapath/regfile/D_p1_alive_q_reg[0]/D
                            (rising edge-triggered cell FDRE clocked by clk_0  {rise@0.000ns fall@50.000ns period=100.000ns})
  Path Group:             clk_0
  Path Type:              Setup (Max at Slow Process Corner)
  Requirement:            100.000ns  (clk_0 rise@100.000ns - clk_0 rise@0.000ns)
  Data Path Delay:        15.171ns  (logic 2.846ns (18.760%)  route 12.325ns (81.240%))
  Logic Levels:           13  (CARRY4=3 LUT2=1 LUT6=8 MUXF7=1)
  Clock Path Skew:        -0.102ns (DCD - SCD + CPR)
    Destination Clock Delay (DCD):    4.839ns = ( 104.839 - 100.000 ) 
    Source Clock Delay      (SCD):    5.199ns
    Clock Pessimism Removal (CPR):    0.258ns
  Clock Uncertainty:      0.035ns  ((TSJ^2 + TIJ^2)^1/2 + DJ) / 2 + PE
    Total System Jitter     (TSJ):    0.071ns
    Total Input Jitter      (TIJ):    0.000ns
    Discrete Jitter          (DJ):    0.000ns
    Phase Error              (PE):    0.000ns

    Location             Delay type                Incr(ns)  Path(ns)    Netlist Resource(s)
  -------------------------------------------------------------------    -------------------
                         (clock clk_0 rise edge)      0.000     0.000 r  
    N14                                               0.000     0.000 r  clk (IN)
                         net (fo=0)                   0.000     0.000    clk
    N14                  IBUF (Prop_ibuf_I_O)         1.517     1.517 r  clk_IBUF_inst/O
                         net (fo=1, routed)           1.972     3.488    clk_IBUF
    BUFGCTRL_X0Y0        BUFG (Prop_bufg_I_O)         0.096     3.584 r  clk_IBUF_BUFG_inst/O
                         net (fo=652, routed)         1.615     5.199    game_datapath/gameStates/p1_green_btn_cond/clk_IBUF_BUFG
    SLICE_X62Y81         FDRE                                         r  game_datapath/gameStates/p1_green_btn_cond/D_ctr_q_reg[3]/C
  -------------------------------------------------------------------    -------------------
    SLICE_X62Y81         FDRE (Prop_fdre_C_Q)         0.456     5.655 f  game_datapath/gameStates/p1_green_btn_cond/D_ctr_q_reg[3]/Q
                         net (fo=3, routed)           1.118     6.773    game_datapath/gameStates/p1_green_btn_cond/D_ctr_q_reg[3]
    SLICE_X63Y81         LUT6 (Prop_lut6_I0_O)        0.124     6.897 r  game_datapath/gameStates/p1_green_btn_cond/D_ctr_q[0]_i_4__0/O
                         net (fo=1, routed)           0.638     7.535    game_datapath/gameStates/p1_green_btn_cond/D_ctr_q[0]_i_4__0_n_0
    SLICE_X63Y82         LUT6 (Prop_lut6_I0_O)        0.124     7.659 r  game_datapath/gameStates/p1_green_btn_cond/D_ctr_q[0]_i_2__4/O
                         net (fo=18, routed)          1.268     8.927    game_datapath/gameStates/p1_red_or_start_btn_cond/D_p1_lives_q[31]_i_14
    SLICE_X60Y85         LUT6 (Prop_lut6_I3_O)        0.124     9.051 r  game_datapath/gameStates/p1_red_or_start_btn_cond/FSM_sequential_D_game_state_q[3]_i_3/O
                         net (fo=8, routed)           0.994    10.045    game_datapath/gameStates/p1_red_or_start_btn_cond/D_last_q_reg
    SLICE_X59Y87         LUT6 (Prop_lut6_I2_O)        0.124    10.169 r  game_datapath/gameStates/p1_red_or_start_btn_cond/FSM_sequential_D_game_state_q[4]_i_14/O
                         net (fo=65, routed)          3.626    13.795    game_datapath/regfile/i__carry__6_i_17
    SLICE_X51Y83         LUT6 (Prop_lut6_I2_O)        0.124    13.919 r  game_datapath/regfile/i__carry_i_23/O
                         net (fo=1, routed)           0.426    14.345    game_datapath/regfile/i__carry_i_23_n_0
    SLICE_X49Y84         LUT6 (Prop_lut6_I0_O)        0.124    14.469 r  game_datapath/regfile/i__carry_i_13/O
                         net (fo=13, routed)          1.427    15.896    game_datapath/gameStates/p1_red_or_start_btn_cond/D_p1_lives_q_reg[4]_i_2_0
    SLICE_X54Y89         LUT6 (Prop_lut6_I5_O)        0.124    16.020 r  game_datapath/gameStates/p1_red_or_start_btn_cond/i__carry_i_3__0/O
                         net (fo=1, routed)           0.000    16.020    game_datapath/game_alu/out_sig0_inferred__7/i__carry__0_0[1]
    SLICE_X54Y89         CARRY4 (Prop_carry4_S[1]_CO[3])
                                                      0.533    16.553 r  game_datapath/game_alu/out_sig0_inferred__7/i__carry/CO[3]
                         net (fo=1, routed)           0.000    16.553    game_datapath/game_alu/out_sig0_inferred__7/i__carry_n_0
    SLICE_X54Y90         CARRY4 (Prop_carry4_CI_CO[3])
                                                      0.117    16.670 r  game_datapath/game_alu/out_sig0_inferred__7/i__carry__0/CO[3]
                         net (fo=1, routed)           0.000    16.670    game_datapath/game_alu/out_sig0_inferred__7/i__carry__0_n_0
    SLICE_X54Y91         CARRY4 (Prop_carry4_CI_CO[2])
                                                      0.229    16.899 r  game_datapath/game_alu/out_sig0_inferred__7/i__carry__1/CO[2]
                         net (fo=1, routed)           1.125    18.025    game_datapath/gameStates/p1_red_or_start_btn_cond/CO[0]
    SLICE_X54Y85         LUT2 (Prop_lut2_I0_O)        0.310    18.335 f  game_datapath/gameStates/p1_red_or_start_btn_cond/D_p1_lives_q[0]_i_5/O
                         net (fo=1, routed)           0.838    19.173    game_datapath/gameStates/p1_red_or_start_btn_cond/D_p1_lives_q[0]_i_5_n_0
    SLICE_X52Y85         LUT6 (Prop_lut6_I2_O)        0.124    19.297 r  game_datapath/gameStates/p1_red_or_start_btn_cond/D_p1_lives_q[0]_i_2/O
                         net (fo=1, routed)           0.000    19.297    game_datapath/gameStates/p1_red_or_start_btn_cond/D_p1_lives_q[0]_i_2_n_0
    SLICE_X52Y85         MUXF7 (Prop_muxf7_I0_O)      0.209    19.506 r  game_datapath/gameStates/p1_red_or_start_btn_cond/D_p1_lives_q_reg[0]_i_1/O
                         net (fo=9, routed)           0.864    20.370    game_datapath/regfile/D[0]
    SLICE_X54Y83         FDRE                                         r  game_datapath/regfile/D_p1_alive_q_reg[0]/D
  -------------------------------------------------------------------    -------------------

                         (clock clk_0 rise edge)    100.000   100.000 r  
    N14                                               0.000   100.000 r  clk (IN)
                         net (fo=0)                   0.000   100.000    clk
    N14                  IBUF (Prop_ibuf_I_O)         1.446   101.446 r  clk_IBUF_inst/O
                         net (fo=1, routed)           1.868   103.314    clk_IBUF
    BUFGCTRL_X0Y0        BUFG (Prop_bufg_I_O)         0.091   103.405 r  clk_IBUF_BUFG_inst/O
                         net (fo=652, routed)         1.435   104.839    game_datapath/regfile/clk_IBUF_BUFG
    SLICE_X54Y83         FDRE                                         r  game_datapath/regfile/D_p1_alive_q_reg[0]/C
                         clock pessimism              0.258   105.097    
                         clock uncertainty           -0.035   105.062    
    SLICE_X54Y83         FDRE (Setup_fdre_C_D)       -0.204   104.858    game_datapath/regfile/D_p1_alive_q_reg[0]
  -------------------------------------------------------------------
                         required time                        104.858    
                         arrival time                         -20.370    
  -------------------------------------------------------------------
                         slack                                 84.488    

Slack (MET) :             84.547ns  (required time - arrival time)
  Source:                 game_datapath/gameStates/p1_green_btn_cond/D_ctr_q_reg[3]/C
                            (rising edge-triggered cell FDRE clocked by clk_0  {rise@0.000ns fall@50.000ns period=100.000ns})
  Destination:            game_datapath/regfile/D_p1_lives_q_reg[29]/D
                            (rising edge-triggered cell FDRE clocked by clk_0  {rise@0.000ns fall@50.000ns period=100.000ns})
  Path Group:             clk_0
  Path Type:              Setup (Max at Slow Process Corner)
  Requirement:            100.000ns  (clk_0 rise@100.000ns - clk_0 rise@0.000ns)
  Data Path Delay:        15.306ns  (logic 3.035ns (19.829%)  route 12.271ns (80.171%))
  Logic Levels:           16  (CARRY4=8 LUT2=1 LUT6=7)
  Clock Path Skew:        -0.030ns (DCD - SCD + CPR)
    Destination Clock Delay (DCD):    4.911ns = ( 104.911 - 100.000 ) 
    Source Clock Delay      (SCD):    5.199ns
    Clock Pessimism Removal (CPR):    0.258ns
  Clock Uncertainty:      0.035ns  ((TSJ^2 + TIJ^2)^1/2 + DJ) / 2 + PE
    Total System Jitter     (TSJ):    0.071ns
    Total Input Jitter      (TIJ):    0.000ns
    Discrete Jitter          (DJ):    0.000ns
    Phase Error              (PE):    0.000ns

    Location             Delay type                Incr(ns)  Path(ns)    Netlist Resource(s)
  -------------------------------------------------------------------    -------------------
                         (clock clk_0 rise edge)      0.000     0.000 r  
    N14                                               0.000     0.000 r  clk (IN)
                         net (fo=0)                   0.000     0.000    clk
    N14                  IBUF (Prop_ibuf_I_O)         1.517     1.517 r  clk_IBUF_inst/O
                         net (fo=1, routed)           1.972     3.488    clk_IBUF
    BUFGCTRL_X0Y0        BUFG (Prop_bufg_I_O)         0.096     3.584 r  clk_IBUF_BUFG_inst/O
                         net (fo=652, routed)         1.615     5.199    game_datapath/gameStates/p1_green_btn_cond/clk_IBUF_BUFG
    SLICE_X62Y81         FDRE                                         r  game_datapath/gameStates/p1_green_btn_cond/D_ctr_q_reg[3]/C
  -------------------------------------------------------------------    -------------------
    SLICE_X62Y81         FDRE (Prop_fdre_C_Q)         0.456     5.655 f  game_datapath/gameStates/p1_green_btn_cond/D_ctr_q_reg[3]/Q
                         net (fo=3, routed)           1.118     6.773    game_datapath/gameStates/p1_green_btn_cond/D_ctr_q_reg[3]
    SLICE_X63Y81         LUT6 (Prop_lut6_I0_O)        0.124     6.897 r  game_datapath/gameStates/p1_green_btn_cond/D_ctr_q[0]_i_4__0/O
                         net (fo=1, routed)           0.638     7.535    game_datapath/gameStates/p1_green_btn_cond/D_ctr_q[0]_i_4__0_n_0
    SLICE_X63Y82         LUT6 (Prop_lut6_I0_O)        0.124     7.659 r  game_datapath/gameStates/p1_green_btn_cond/D_ctr_q[0]_i_2__4/O
                         net (fo=18, routed)          1.268     8.927    game_datapath/gameStates/p1_red_or_start_btn_cond/D_p1_lives_q[31]_i_14
    SLICE_X60Y85         LUT6 (Prop_lut6_I3_O)        0.124     9.051 r  game_datapath/gameStates/p1_red_or_start_btn_cond/FSM_sequential_D_game_state_q[3]_i_3/O
                         net (fo=8, routed)           0.994    10.045    game_datapath/gameStates/p1_red_or_start_btn_cond/D_last_q_reg
    SLICE_X59Y87         LUT6 (Prop_lut6_I2_O)        0.124    10.169 r  game_datapath/gameStates/p1_red_or_start_btn_cond/FSM_sequential_D_game_state_q[4]_i_14/O
                         net (fo=65, routed)          3.670    13.839    game_datapath/regfile/i__carry__6_i_17
    SLICE_X52Y84         LUT6 (Prop_lut6_I2_O)        0.124    13.963 r  game_datapath/regfile/D_p1_current_lives_q[2]_i_5/O
                         net (fo=2, routed)           0.836    14.799    game_datapath/gameStates/D_p1_lives_q[0]_i_65
    SLICE_X54Y84         LUT6 (Prop_lut6_I3_O)        0.124    14.923 r  game_datapath/gameStates/i__carry_i_14/O
                         net (fo=12, routed)          1.547    16.470    game_datapath/gameStates/p1_red_or_start_btn_cond/D_p1_lives_q_reg[0]_i_46_0
    SLICE_X52Y86         LUT2 (Prop_lut2_I1_O)        0.124    16.594 r  game_datapath/gameStates/p1_red_or_start_btn_cond/i__carry_i_6/O
                         net (fo=1, routed)           0.000    16.594    game_datapath/game_alu/S[2]
    SLICE_X52Y86         CARRY4 (Prop_carry4_S[2]_CO[3])
                                                      0.380    16.974 r  game_datapath/game_alu/out_sig0_inferred__0/i__carry/CO[3]
                         net (fo=1, routed)           0.000    16.974    game_datapath/game_alu/out_sig0_inferred__0/i__carry_n_0
    SLICE_X52Y87         CARRY4 (Prop_carry4_CI_CO[3])
                                                      0.117    17.091 r  game_datapath/game_alu/out_sig0_inferred__0/i__carry__0/CO[3]
                         net (fo=1, routed)           0.000    17.091    game_datapath/game_alu/out_sig0_inferred__0/i__carry__0_n_0
    SLICE_X52Y88         CARRY4 (Prop_carry4_CI_CO[3])
                                                      0.117    17.208 r  game_datapath/game_alu/out_sig0_inferred__0/i__carry__1/CO[3]
                         net (fo=1, routed)           0.000    17.208    game_datapath/game_alu/out_sig0_inferred__0/i__carry__1_n_0
    SLICE_X52Y89         CARRY4 (Prop_carry4_CI_CO[3])
                                                      0.117    17.325 r  game_datapath/game_alu/out_sig0_inferred__0/i__carry__2/CO[3]
                         net (fo=1, routed)           0.000    17.325    game_datapath/game_alu/out_sig0_inferred__0/i__carry__2_n_0
    SLICE_X52Y90         CARRY4 (Prop_carry4_CI_CO[3])
                                                      0.117    17.442 r  game_datapath/game_alu/out_sig0_inferred__0/i__carry__3/CO[3]
                         net (fo=1, routed)           0.000    17.442    game_datapath/game_alu/out_sig0_inferred__0/i__carry__3_n_0
    SLICE_X52Y91         CARRY4 (Prop_carry4_CI_CO[3])
                                                      0.117    17.559 r  game_datapath/game_alu/out_sig0_inferred__0/i__carry__4/CO[3]
                         net (fo=1, routed)           0.000    17.559    game_datapath/game_alu/out_sig0_inferred__0/i__carry__4_n_0
    SLICE_X52Y92         CARRY4 (Prop_carry4_CI_CO[3])
                                                      0.117    17.676 r  game_datapath/game_alu/out_sig0_inferred__0/i__carry__5/CO[3]
                         net (fo=1, routed)           0.000    17.676    game_datapath/game_alu/out_sig0_inferred__0/i__carry__5_n_0
    SLICE_X52Y93         CARRY4 (Prop_carry4_CI_O[1])
                                                      0.323    17.999 r  game_datapath/game_alu/out_sig0_inferred__0/i__carry__6/O[1]
                         net (fo=1, routed)           0.810    18.809    game_datapath/gameStates/p1_red_or_start_btn_cond/data1[13]
    SLICE_X53Y92         LUT6 (Prop_lut6_I5_O)        0.306    19.115 r  game_datapath/gameStates/p1_red_or_start_btn_cond/D_p1_lives_q[29]_i_1/O
                         net (fo=9, routed)           1.390    20.505    game_datapath/regfile/D[29]
    SLICE_X61Y92         FDRE                                         r  game_datapath/regfile/D_p1_lives_q_reg[29]/D
  -------------------------------------------------------------------    -------------------

                         (clock clk_0 rise edge)    100.000   100.000 r  
    N14                                               0.000   100.000 r  clk (IN)
                         net (fo=0)                   0.000   100.000    clk
    N14                  IBUF (Prop_ibuf_I_O)         1.446   101.446 r  clk_IBUF_inst/O
                         net (fo=1, routed)           1.868   103.314    clk_IBUF
    BUFGCTRL_X0Y0        BUFG (Prop_bufg_I_O)         0.091   103.405 r  clk_IBUF_BUFG_inst/O
                         net (fo=652, routed)         1.507   104.911    game_datapath/regfile/clk_IBUF_BUFG
    SLICE_X61Y92         FDRE                                         r  game_datapath/regfile/D_p1_lives_q_reg[29]/C
                         clock pessimism              0.258   105.169    
                         clock uncertainty           -0.035   105.134    
    SLICE_X61Y92         FDRE (Setup_fdre_C_D)       -0.081   105.053    game_datapath/regfile/D_p1_lives_q_reg[29]
  -------------------------------------------------------------------
                         required time                        105.053    
                         arrival time                         -20.505    
  -------------------------------------------------------------------
                         slack                                 84.547    

Slack (MET) :             84.611ns  (required time - arrival time)
  Source:                 game_datapath/gameStates/p1_green_btn_cond/D_ctr_q_reg[3]/C
                            (rising edge-triggered cell FDRE clocked by clk_0  {rise@0.000ns fall@50.000ns period=100.000ns})
  Destination:            game_datapath/regfile/D_p2_lives_q_reg[0]/D
                            (rising edge-triggered cell FDSE clocked by clk_0  {rise@0.000ns fall@50.000ns period=100.000ns})
  Path Group:             clk_0
  Path Type:              Setup (Max at Slow Process Corner)
  Requirement:            100.000ns  (clk_0 rise@100.000ns - clk_0 rise@0.000ns)
  Data Path Delay:        15.012ns  (logic 2.846ns (18.958%)  route 12.166ns (81.042%))
  Logic Levels:           13  (CARRY4=3 LUT2=1 LUT6=8 MUXF7=1)
  Clock Path Skew:        -0.101ns (DCD - SCD + CPR)
    Destination Clock Delay (DCD):    4.840ns = ( 104.840 - 100.000 ) 
    Source Clock Delay      (SCD):    5.199ns
    Clock Pessimism Removal (CPR):    0.258ns
  Clock Uncertainty:      0.035ns  ((TSJ^2 + TIJ^2)^1/2 + DJ) / 2 + PE
    Total System Jitter     (TSJ):    0.071ns
    Total Input Jitter      (TIJ):    0.000ns
    Discrete Jitter          (DJ):    0.000ns
    Phase Error              (PE):    0.000ns

    Location             Delay type                Incr(ns)  Path(ns)    Netlist Resource(s)
  -------------------------------------------------------------------    -------------------
                         (clock clk_0 rise edge)      0.000     0.000 r  
    N14                                               0.000     0.000 r  clk (IN)
                         net (fo=0)                   0.000     0.000    clk
    N14                  IBUF (Prop_ibuf_I_O)         1.517     1.517 r  clk_IBUF_inst/O
                         net (fo=1, routed)           1.972     3.488    clk_IBUF
    BUFGCTRL_X0Y0        BUFG (Prop_bufg_I_O)         0.096     3.584 r  clk_IBUF_BUFG_inst/O
                         net (fo=652, routed)         1.615     5.199    game_datapath/gameStates/p1_green_btn_cond/clk_IBUF_BUFG
    SLICE_X62Y81         FDRE                                         r  game_datapath/gameStates/p1_green_btn_cond/D_ctr_q_reg[3]/C
  -------------------------------------------------------------------    -------------------
    SLICE_X62Y81         FDRE (Prop_fdre_C_Q)         0.456     5.655 f  game_datapath/gameStates/p1_green_btn_cond/D_ctr_q_reg[3]/Q
                         net (fo=3, routed)           1.118     6.773    game_datapath/gameStates/p1_green_btn_cond/D_ctr_q_reg[3]
    SLICE_X63Y81         LUT6 (Prop_lut6_I0_O)        0.124     6.897 r  game_datapath/gameStates/p1_green_btn_cond/D_ctr_q[0]_i_4__0/O
                         net (fo=1, routed)           0.638     7.535    game_datapath/gameStates/p1_green_btn_cond/D_ctr_q[0]_i_4__0_n_0
    SLICE_X63Y82         LUT6 (Prop_lut6_I0_O)        0.124     7.659 r  game_datapath/gameStates/p1_green_btn_cond/D_ctr_q[0]_i_2__4/O
                         net (fo=18, routed)          1.268     8.927    game_datapath/gameStates/p1_red_or_start_btn_cond/D_p1_lives_q[31]_i_14
    SLICE_X60Y85         LUT6 (Prop_lut6_I3_O)        0.124     9.051 r  game_datapath/gameStates/p1_red_or_start_btn_cond/FSM_sequential_D_game_state_q[3]_i_3/O
                         net (fo=8, routed)           0.994    10.045    game_datapath/gameStates/p1_red_or_start_btn_cond/D_last_q_reg
    SLICE_X59Y87         LUT6 (Prop_lut6_I2_O)        0.124    10.169 r  game_datapath/gameStates/p1_red_or_start_btn_cond/FSM_sequential_D_game_state_q[4]_i_14/O
                         net (fo=65, routed)          3.626    13.795    game_datapath/regfile/i__carry__6_i_17
    SLICE_X51Y83         LUT6 (Prop_lut6_I2_O)        0.124    13.919 r  game_datapath/regfile/i__carry_i_23/O
                         net (fo=1, routed)           0.426    14.345    game_datapath/regfile/i__carry_i_23_n_0
    SLICE_X49Y84         LUT6 (Prop_lut6_I0_O)        0.124    14.469 r  game_datapath/regfile/i__carry_i_13/O
                         net (fo=13, routed)          1.427    15.896    game_datapath/gameStates/p1_red_or_start_btn_cond/D_p1_lives_q_reg[4]_i_2_0
    SLICE_X54Y89         LUT6 (Prop_lut6_I5_O)        0.124    16.020 r  game_datapath/gameStates/p1_red_or_start_btn_cond/i__carry_i_3__0/O
                         net (fo=1, routed)           0.000    16.020    game_datapath/game_alu/out_sig0_inferred__7/i__carry__0_0[1]
    SLICE_X54Y89         CARRY4 (Prop_carry4_S[1]_CO[3])
                                                      0.533    16.553 r  game_datapath/game_alu/out_sig0_inferred__7/i__carry/CO[3]
                         net (fo=1, routed)           0.000    16.553    game_datapath/game_alu/out_sig0_inferred__7/i__carry_n_0
    SLICE_X54Y90         CARRY4 (Prop_carry4_CI_CO[3])
                                                      0.117    16.670 r  game_datapath/game_alu/out_sig0_inferred__7/i__carry__0/CO[3]
                         net (fo=1, routed)           0.000    16.670    game_datapath/game_alu/out_sig0_inferred__7/i__carry__0_n_0
    SLICE_X54Y91         CARRY4 (Prop_carry4_CI_CO[2])
                                                      0.229    16.899 r  game_datapath/game_alu/out_sig0_inferred__7/i__carry__1/CO[2]
                         net (fo=1, routed)           1.125    18.025    game_datapath/gameStates/p1_red_or_start_btn_cond/CO[0]
    SLICE_X54Y85         LUT2 (Prop_lut2_I0_O)        0.310    18.335 f  game_datapath/gameStates/p1_red_or_start_btn_cond/D_p1_lives_q[0]_i_5/O
                         net (fo=1, routed)           0.838    19.173    game_datapath/gameStates/p1_red_or_start_btn_cond/D_p1_lives_q[0]_i_5_n_0
    SLICE_X52Y85         LUT6 (Prop_lut6_I2_O)        0.124    19.297 r  game_datapath/gameStates/p1_red_or_start_btn_cond/D_p1_lives_q[0]_i_2/O
                         net (fo=1, routed)           0.000    19.297    game_datapath/gameStates/p1_red_or_start_btn_cond/D_p1_lives_q[0]_i_2_n_0
    SLICE_X52Y85         MUXF7 (Prop_muxf7_I0_O)      0.209    19.506 r  game_datapath/gameStates/p1_red_or_start_btn_cond/D_p1_lives_q_reg[0]_i_1/O
                         net (fo=9, routed)           0.706    20.211    game_datapath/regfile/D[0]
    SLICE_X55Y84         FDSE                                         r  game_datapath/regfile/D_p2_lives_q_reg[0]/D
  -------------------------------------------------------------------    -------------------

                         (clock clk_0 rise edge)    100.000   100.000 r  
    N14                                               0.000   100.000 r  clk (IN)
                         net (fo=0)                   0.000   100.000    clk
    N14                  IBUF (Prop_ibuf_I_O)         1.446   101.446 r  clk_IBUF_inst/O
                         net (fo=1, routed)           1.868   103.314    clk_IBUF
    BUFGCTRL_X0Y0        BUFG (Prop_bufg_I_O)         0.091   103.405 r  clk_IBUF_BUFG_inst/O
                         net (fo=652, routed)         1.436   104.840    game_datapath/regfile/clk_IBUF_BUFG
    SLICE_X55Y84         FDSE                                         r  game_datapath/regfile/D_p2_lives_q_reg[0]/C
                         clock pessimism              0.258   105.098    
                         clock uncertainty           -0.035   105.063    
    SLICE_X55Y84         FDSE (Setup_fdse_C_D)       -0.240   104.823    game_datapath/regfile/D_p2_lives_q_reg[0]
  -------------------------------------------------------------------
                         required time                        104.823    
                         arrival time                         -20.211    
  -------------------------------------------------------------------
                         slack                                 84.611    

Slack (MET) :             84.647ns  (required time - arrival time)
  Source:                 game_datapath/gameStates/p1_green_btn_cond/D_ctr_q_reg[3]/C
                            (rising edge-triggered cell FDRE clocked by clk_0  {rise@0.000ns fall@50.000ns period=100.000ns})
  Destination:            game_datapath/regfile/D_p2_alive_q_reg[0]/D
                            (rising edge-triggered cell FDRE clocked by clk_0  {rise@0.000ns fall@50.000ns period=100.000ns})
  Path Group:             clk_0
  Path Type:              Setup (Max at Slow Process Corner)
  Requirement:            100.000ns  (clk_0 rise@100.000ns - clk_0 rise@0.000ns)
  Data Path Delay:        15.012ns  (logic 2.846ns (18.958%)  route 12.166ns (81.042%))
  Logic Levels:           13  (CARRY4=3 LUT2=1 LUT6=8 MUXF7=1)
  Clock Path Skew:        -0.101ns (DCD - SCD + CPR)
    Destination Clock Delay (DCD):    4.840ns = ( 104.840 - 100.000 ) 
    Source Clock Delay      (SCD):    5.199ns
    Clock Pessimism Removal (CPR):    0.258ns
  Clock Uncertainty:      0.035ns  ((TSJ^2 + TIJ^2)^1/2 + DJ) / 2 + PE
    Total System Jitter     (TSJ):    0.071ns
    Total Input Jitter      (TIJ):    0.000ns
    Discrete Jitter          (DJ):    0.000ns
    Phase Error              (PE):    0.000ns

    Location             Delay type                Incr(ns)  Path(ns)    Netlist Resource(s)
  -------------------------------------------------------------------    -------------------
                         (clock clk_0 rise edge)      0.000     0.000 r  
    N14                                               0.000     0.000 r  clk (IN)
                         net (fo=0)                   0.000     0.000    clk
    N14                  IBUF (Prop_ibuf_I_O)         1.517     1.517 r  clk_IBUF_inst/O
                         net (fo=1, routed)           1.972     3.488    clk_IBUF
    BUFGCTRL_X0Y0        BUFG (Prop_bufg_I_O)         0.096     3.584 r  clk_IBUF_BUFG_inst/O
                         net (fo=652, routed)         1.615     5.199    game_datapath/gameStates/p1_green_btn_cond/clk_IBUF_BUFG
    SLICE_X62Y81         FDRE                                         r  game_datapath/gameStates/p1_green_btn_cond/D_ctr_q_reg[3]/C
  -------------------------------------------------------------------    -------------------
    SLICE_X62Y81         FDRE (Prop_fdre_C_Q)         0.456     5.655 f  game_datapath/gameStates/p1_green_btn_cond/D_ctr_q_reg[3]/Q
                         net (fo=3, routed)           1.118     6.773    game_datapath/gameStates/p1_green_btn_cond/D_ctr_q_reg[3]
    SLICE_X63Y81         LUT6 (Prop_lut6_I0_O)        0.124     6.897 r  game_datapath/gameStates/p1_green_btn_cond/D_ctr_q[0]_i_4__0/O
                         net (fo=1, routed)           0.638     7.535    game_datapath/gameStates/p1_green_btn_cond/D_ctr_q[0]_i_4__0_n_0
    SLICE_X63Y82         LUT6 (Prop_lut6_I0_O)        0.124     7.659 r  game_datapath/gameStates/p1_green_btn_cond/D_ctr_q[0]_i_2__4/O
                         net (fo=18, routed)          1.268     8.927    game_datapath/gameStates/p1_red_or_start_btn_cond/D_p1_lives_q[31]_i_14
    SLICE_X60Y85         LUT6 (Prop_lut6_I3_O)        0.124     9.051 r  game_datapath/gameStates/p1_red_or_start_btn_cond/FSM_sequential_D_game_state_q[3]_i_3/O
                         net (fo=8, routed)           0.994    10.045    game_datapath/gameStates/p1_red_or_start_btn_cond/D_last_q_reg
    SLICE_X59Y87         LUT6 (Prop_lut6_I2_O)        0.124    10.169 r  game_datapath/gameStates/p1_red_or_start_btn_cond/FSM_sequential_D_game_state_q[4]_i_14/O
                         net (fo=65, routed)          3.626    13.795    game_datapath/regfile/i__carry__6_i_17
    SLICE_X51Y83         LUT6 (Prop_lut6_I2_O)        0.124    13.919 r  game_datapath/regfile/i__carry_i_23/O
                         net (fo=1, routed)           0.426    14.345    game_datapath/regfile/i__carry_i_23_n_0
    SLICE_X49Y84         LUT6 (Prop_lut6_I0_O)        0.124    14.469 r  game_datapath/regfile/i__carry_i_13/O
                         net (fo=13, routed)          1.427    15.896    game_datapath/gameStates/p1_red_or_start_btn_cond/D_p1_lives_q_reg[4]_i_2_0
    SLICE_X54Y89         LUT6 (Prop_lut6_I5_O)        0.124    16.020 r  game_datapath/gameStates/p1_red_or_start_btn_cond/i__carry_i_3__0/O
                         net (fo=1, routed)           0.000    16.020    game_datapath/game_alu/out_sig0_inferred__7/i__carry__0_0[1]
    SLICE_X54Y89         CARRY4 (Prop_carry4_S[1]_CO[3])
                                                      0.533    16.553 r  game_datapath/game_alu/out_sig0_inferred__7/i__carry/CO[3]
                         net (fo=1, routed)           0.000    16.553    game_datapath/game_alu/out_sig0_inferred__7/i__carry_n_0
    SLICE_X54Y90         CARRY4 (Prop_carry4_CI_CO[3])
                                                      0.117    16.670 r  game_datapath/game_alu/out_sig0_inferred__7/i__carry__0/CO[3]
                         net (fo=1, routed)           0.000    16.670    game_datapath/game_alu/out_sig0_inferred__7/i__carry__0_n_0
    SLICE_X54Y91         CARRY4 (Prop_carry4_CI_CO[2])
                                                      0.229    16.899 r  game_datapath/game_alu/out_sig0_inferred__7/i__carry__1/CO[2]
                         net (fo=1, routed)           1.125    18.025    game_datapath/gameStates/p1_red_or_start_btn_cond/CO[0]
    SLICE_X54Y85         LUT2 (Prop_lut2_I0_O)        0.310    18.335 f  game_datapath/gameStates/p1_red_or_start_btn_cond/D_p1_lives_q[0]_i_5/O
                         net (fo=1, routed)           0.838    19.173    game_datapath/gameStates/p1_red_or_start_btn_cond/D_p1_lives_q[0]_i_5_n_0
    SLICE_X52Y85         LUT6 (Prop_lut6_I2_O)        0.124    19.297 r  game_datapath/gameStates/p1_red_or_start_btn_cond/D_p1_lives_q[0]_i_2/O
                         net (fo=1, routed)           0.000    19.297    game_datapath/gameStates/p1_red_or_start_btn_cond/D_p1_lives_q[0]_i_2_n_0
    SLICE_X52Y85         MUXF7 (Prop_muxf7_I0_O)      0.209    19.506 r  game_datapath/gameStates/p1_red_or_start_btn_cond/D_p1_lives_q_reg[0]_i_1/O
                         net (fo=9, routed)           0.706    20.211    game_datapath/regfile/D[0]
    SLICE_X54Y84         FDRE                                         r  game_datapath/regfile/D_p2_alive_q_reg[0]/D
  -------------------------------------------------------------------    -------------------

                         (clock clk_0 rise edge)    100.000   100.000 r  
    N14                                               0.000   100.000 r  clk (IN)
                         net (fo=0)                   0.000   100.000    clk
    N14                  IBUF (Prop_ibuf_I_O)         1.446   101.446 r  clk_IBUF_inst/O
                         net (fo=1, routed)           1.868   103.314    clk_IBUF
    BUFGCTRL_X0Y0        BUFG (Prop_bufg_I_O)         0.091   103.405 r  clk_IBUF_BUFG_inst/O
                         net (fo=652, routed)         1.436   104.840    game_datapath/regfile/clk_IBUF_BUFG
    SLICE_X54Y84         FDRE                                         r  game_datapath/regfile/D_p2_alive_q_reg[0]/C
                         clock pessimism              0.258   105.098    
                         clock uncertainty           -0.035   105.063    
    SLICE_X54Y84         FDRE (Setup_fdre_C_D)       -0.204   104.859    game_datapath/regfile/D_p2_alive_q_reg[0]
  -------------------------------------------------------------------
                         required time                        104.859    
                         arrival time                         -20.211    
  -------------------------------------------------------------------
                         slack                                 84.647    

Slack (MET) :             84.653ns  (required time - arrival time)
  Source:                 game_datapath/gameStates/p1_green_btn_cond/D_ctr_q_reg[3]/C
                            (rising edge-triggered cell FDRE clocked by clk_0  {rise@0.000ns fall@50.000ns period=100.000ns})
  Destination:            game_datapath/regfile/D_p2_alive_q_reg[18]/D
                            (rising edge-triggered cell FDRE clocked by clk_0  {rise@0.000ns fall@50.000ns period=100.000ns})
  Path Group:             clk_0
  Path Type:              Setup (Max at Slow Process Corner)
  Requirement:            100.000ns  (clk_0 rise@100.000ns - clk_0 rise@0.000ns)
  Data Path Delay:        15.154ns  (logic 2.595ns (17.124%)  route 12.559ns (82.876%))
  Logic Levels:           13  (CARRY4=5 LUT2=1 LUT5=1 LUT6=6)
  Clock Path Skew:        -0.096ns (DCD - SCD + CPR)
    Destination Clock Delay (DCD):    4.845ns = ( 104.845 - 100.000 ) 
    Source Clock Delay      (SCD):    5.199ns
    Clock Pessimism Removal (CPR):    0.258ns
  Clock Uncertainty:      0.035ns  ((TSJ^2 + TIJ^2)^1/2 + DJ) / 2 + PE
    Total System Jitter     (TSJ):    0.071ns
    Total Input Jitter      (TIJ):    0.000ns
    Discrete Jitter          (DJ):    0.000ns
    Phase Error              (PE):    0.000ns

    Location             Delay type                Incr(ns)  Path(ns)    Netlist Resource(s)
  -------------------------------------------------------------------    -------------------
                         (clock clk_0 rise edge)      0.000     0.000 r  
    N14                                               0.000     0.000 r  clk (IN)
                         net (fo=0)                   0.000     0.000    clk
    N14                  IBUF (Prop_ibuf_I_O)         1.517     1.517 r  clk_IBUF_inst/O
                         net (fo=1, routed)           1.972     3.488    clk_IBUF
    BUFGCTRL_X0Y0        BUFG (Prop_bufg_I_O)         0.096     3.584 r  clk_IBUF_BUFG_inst/O
                         net (fo=652, routed)         1.615     5.199    game_datapath/gameStates/p1_green_btn_cond/clk_IBUF_BUFG
    SLICE_X62Y81         FDRE                                         r  game_datapath/gameStates/p1_green_btn_cond/D_ctr_q_reg[3]/C
  -------------------------------------------------------------------    -------------------
    SLICE_X62Y81         FDRE (Prop_fdre_C_Q)         0.456     5.655 f  game_datapath/gameStates/p1_green_btn_cond/D_ctr_q_reg[3]/Q
                         net (fo=3, routed)           1.118     6.773    game_datapath/gameStates/p1_green_btn_cond/D_ctr_q_reg[3]
    SLICE_X63Y81         LUT6 (Prop_lut6_I0_O)        0.124     6.897 r  game_datapath/gameStates/p1_green_btn_cond/D_ctr_q[0]_i_4__0/O
                         net (fo=1, routed)           0.638     7.535    game_datapath/gameStates/p1_green_btn_cond/D_ctr_q[0]_i_4__0_n_0
    SLICE_X63Y82         LUT6 (Prop_lut6_I0_O)        0.124     7.659 r  game_datapath/gameStates/p1_green_btn_cond/D_ctr_q[0]_i_2__4/O
                         net (fo=18, routed)          1.268     8.927    game_datapath/gameStates/p1_red_or_start_btn_cond/D_p1_lives_q[31]_i_14
    SLICE_X60Y85         LUT6 (Prop_lut6_I3_O)        0.124     9.051 r  game_datapath/gameStates/p1_red_or_start_btn_cond/FSM_sequential_D_game_state_q[3]_i_3/O
                         net (fo=8, routed)           0.994    10.045    game_datapath/gameStates/p1_red_or_start_btn_cond/D_last_q_reg
    SLICE_X59Y87         LUT6 (Prop_lut6_I2_O)        0.124    10.169 r  game_datapath/gameStates/p1_red_or_start_btn_cond/FSM_sequential_D_game_state_q[4]_i_14/O
                         net (fo=65, routed)          3.670    13.839    game_datapath/regfile/i__carry__6_i_17
    SLICE_X52Y84         LUT6 (Prop_lut6_I2_O)        0.124    13.963 r  game_datapath/regfile/D_p1_current_lives_q[2]_i_5/O
                         net (fo=2, routed)           0.836    14.799    game_datapath/gameStates/D_p1_lives_q[0]_i_65
    SLICE_X54Y84         LUT6 (Prop_lut6_I3_O)        0.124    14.923 r  game_datapath/gameStates/i__carry_i_14/O
                         net (fo=12, routed)          1.547    16.470    game_datapath/gameStates/p1_red_or_start_btn_cond/D_p1_lives_q_reg[0]_i_46_0
    SLICE_X52Y86         LUT2 (Prop_lut2_I1_O)        0.124    16.594 r  game_datapath/gameStates/p1_red_or_start_btn_cond/i__carry_i_6/O
                         net (fo=1, routed)           0.000    16.594    game_datapath/game_alu/S[2]
    SLICE_X52Y86         CARRY4 (Prop_carry4_S[2]_CO[3])
                                                      0.380    16.974 r  game_datapath/game_alu/out_sig0_inferred__0/i__carry/CO[3]
                         net (fo=1, routed)           0.000    16.974    game_datapath/game_alu/out_sig0_inferred__0/i__carry_n_0
    SLICE_X52Y87         CARRY4 (Prop_carry4_CI_CO[3])
                                                      0.117    17.091 r  game_datapath/game_alu/out_sig0_inferred__0/i__carry__0/CO[3]
                         net (fo=1, routed)           0.000    17.091    game_datapath/game_alu/out_sig0_inferred__0/i__carry__0_n_0
    SLICE_X52Y88         CARRY4 (Prop_carry4_CI_CO[3])
                                                      0.117    17.208 r  game_datapath/game_alu/out_sig0_inferred__0/i__carry__1/CO[3]
                         net (fo=1, routed)           0.000    17.208    game_datapath/game_alu/out_sig0_inferred__0/i__carry__1_n_0
    SLICE_X52Y89         CARRY4 (Prop_carry4_CI_CO[3])
                                                      0.117    17.325 r  game_datapath/game_alu/out_sig0_inferred__0/i__carry__2/CO[3]
                         net (fo=1, routed)           0.000    17.325    game_datapath/game_alu/out_sig0_inferred__0/i__carry__2_n_0
    SLICE_X52Y90         CARRY4 (Prop_carry4_CI_O[2])
                                                      0.239    17.564 r  game_datapath/game_alu/out_sig0_inferred__0/i__carry__3/O[2]
                         net (fo=1, routed)           0.821    18.385    game_datapath/gameStates/p2_red_btn_cond/data1[5]
    SLICE_X50Y91         LUT5 (Prop_lut5_I4_O)        0.301    18.686 r  game_datapath/gameStates/p2_red_btn_cond/D_p1_lives_q[18]_i_1/O
                         net (fo=9, routed)           1.667    20.354    game_datapath/regfile/D[18]
    SLICE_X52Y92         FDRE                                         r  game_datapath/regfile/D_p2_alive_q_reg[18]/D
  -------------------------------------------------------------------    -------------------

                         (clock clk_0 rise edge)    100.000   100.000 r  
    N14                                               0.000   100.000 r  clk (IN)
                         net (fo=0)                   0.000   100.000    clk
    N14                  IBUF (Prop_ibuf_I_O)         1.446   101.446 r  clk_IBUF_inst/O
                         net (fo=1, routed)           1.868   103.314    clk_IBUF
    BUFGCTRL_X0Y0        BUFG (Prop_bufg_I_O)         0.091   103.405 r  clk_IBUF_BUFG_inst/O
                         net (fo=652, routed)         1.441   104.845    game_datapath/regfile/clk_IBUF_BUFG
    SLICE_X52Y92         FDRE                                         r  game_datapath/regfile/D_p2_alive_q_reg[18]/C
                         clock pessimism              0.258   105.103    
                         clock uncertainty           -0.035   105.068    
    SLICE_X52Y92         FDRE (Setup_fdre_C_D)       -0.061   105.007    game_datapath/regfile/D_p2_alive_q_reg[18]
  -------------------------------------------------------------------
                         required time                        105.007    
                         arrival time                         -20.354    
  -------------------------------------------------------------------
                         slack                                 84.653    

Slack (MET) :             84.664ns  (required time - arrival time)
  Source:                 game_datapath/gameStates/p1_green_btn_cond/D_ctr_q_reg[3]/C
                            (rising edge-triggered cell FDRE clocked by clk_0  {rise@0.000ns fall@50.000ns period=100.000ns})
  Destination:            game_datapath/regfile/D_current_colour_q_reg[0]/D
                            (rising edge-triggered cell FDSE clocked by clk_0  {rise@0.000ns fall@50.000ns period=100.000ns})
  Path Group:             clk_0
  Path Type:              Setup (Max at Slow Process Corner)
  Requirement:            100.000ns  (clk_0 rise@100.000ns - clk_0 rise@0.000ns)
  Data Path Delay:        14.958ns  (logic 2.846ns (19.026%)  route 12.112ns (80.974%))
  Logic Levels:           13  (CARRY4=3 LUT2=1 LUT6=8 MUXF7=1)
  Clock Path Skew:        -0.102ns (DCD - SCD + CPR)
    Destination Clock Delay (DCD):    4.839ns = ( 104.839 - 100.000 ) 
    Source Clock Delay      (SCD):    5.199ns
    Clock Pessimism Removal (CPR):    0.258ns
  Clock Uncertainty:      0.035ns  ((TSJ^2 + TIJ^2)^1/2 + DJ) / 2 + PE
    Total System Jitter     (TSJ):    0.071ns
    Total Input Jitter      (TIJ):    0.000ns
    Discrete Jitter          (DJ):    0.000ns
    Phase Error              (PE):    0.000ns

    Location             Delay type                Incr(ns)  Path(ns)    Netlist Resource(s)
  -------------------------------------------------------------------    -------------------
                         (clock clk_0 rise edge)      0.000     0.000 r  
    N14                                               0.000     0.000 r  clk (IN)
                         net (fo=0)                   0.000     0.000    clk
    N14                  IBUF (Prop_ibuf_I_O)         1.517     1.517 r  clk_IBUF_inst/O
                         net (fo=1, routed)           1.972     3.488    clk_IBUF
    BUFGCTRL_X0Y0        BUFG (Prop_bufg_I_O)         0.096     3.584 r  clk_IBUF_BUFG_inst/O
                         net (fo=652, routed)         1.615     5.199    game_datapath/gameStates/p1_green_btn_cond/clk_IBUF_BUFG
    SLICE_X62Y81         FDRE                                         r  game_datapath/gameStates/p1_green_btn_cond/D_ctr_q_reg[3]/C
  -------------------------------------------------------------------    -------------------
    SLICE_X62Y81         FDRE (Prop_fdre_C_Q)         0.456     5.655 f  game_datapath/gameStates/p1_green_btn_cond/D_ctr_q_reg[3]/Q
                         net (fo=3, routed)           1.118     6.773    game_datapath/gameStates/p1_green_btn_cond/D_ctr_q_reg[3]
    SLICE_X63Y81         LUT6 (Prop_lut6_I0_O)        0.124     6.897 r  game_datapath/gameStates/p1_green_btn_cond/D_ctr_q[0]_i_4__0/O
                         net (fo=1, routed)           0.638     7.535    game_datapath/gameStates/p1_green_btn_cond/D_ctr_q[0]_i_4__0_n_0
    SLICE_X63Y82         LUT6 (Prop_lut6_I0_O)        0.124     7.659 r  game_datapath/gameStates/p1_green_btn_cond/D_ctr_q[0]_i_2__4/O
                         net (fo=18, routed)          1.268     8.927    game_datapath/gameStates/p1_red_or_start_btn_cond/D_p1_lives_q[31]_i_14
    SLICE_X60Y85         LUT6 (Prop_lut6_I3_O)        0.124     9.051 r  game_datapath/gameStates/p1_red_or_start_btn_cond/FSM_sequential_D_game_state_q[3]_i_3/O
                         net (fo=8, routed)           0.994    10.045    game_datapath/gameStates/p1_red_or_start_btn_cond/D_last_q_reg
    SLICE_X59Y87         LUT6 (Prop_lut6_I2_O)        0.124    10.169 r  game_datapath/gameStates/p1_red_or_start_btn_cond/FSM_sequential_D_game_state_q[4]_i_14/O
                         net (fo=65, routed)          3.626    13.795    game_datapath/regfile/i__carry__6_i_17
    SLICE_X51Y83         LUT6 (Prop_lut6_I2_O)        0.124    13.919 r  game_datapath/regfile/i__carry_i_23/O
                         net (fo=1, routed)           0.426    14.345    game_datapath/regfile/i__carry_i_23_n_0
    SLICE_X49Y84         LUT6 (Prop_lut6_I0_O)        0.124    14.469 r  game_datapath/regfile/i__carry_i_13/O
                         net (fo=13, routed)          1.427    15.896    game_datapath/gameStates/p1_red_or_start_btn_cond/D_p1_lives_q_reg[4]_i_2_0
    SLICE_X54Y89         LUT6 (Prop_lut6_I5_O)        0.124    16.020 r  game_datapath/gameStates/p1_red_or_start_btn_cond/i__carry_i_3__0/O
                         net (fo=1, routed)           0.000    16.020    game_datapath/game_alu/out_sig0_inferred__7/i__carry__0_0[1]
    SLICE_X54Y89         CARRY4 (Prop_carry4_S[1]_CO[3])
                                                      0.533    16.553 r  game_datapath/game_alu/out_sig0_inferred__7/i__carry/CO[3]
                         net (fo=1, routed)           0.000    16.553    game_datapath/game_alu/out_sig0_inferred__7/i__carry_n_0
    SLICE_X54Y90         CARRY4 (Prop_carry4_CI_CO[3])
                                                      0.117    16.670 r  game_datapath/game_alu/out_sig0_inferred__7/i__carry__0/CO[3]
                         net (fo=1, routed)           0.000    16.670    game_datapath/game_alu/out_sig0_inferred__7/i__carry__0_n_0
    SLICE_X54Y91         CARRY4 (Prop_carry4_CI_CO[2])
                                                      0.229    16.899 r  game_datapath/game_alu/out_sig0_inferred__7/i__carry__1/CO[2]
                         net (fo=1, routed)           1.125    18.025    game_datapath/gameStates/p1_red_or_start_btn_cond/CO[0]
    SLICE_X54Y85         LUT2 (Prop_lut2_I0_O)        0.310    18.335 f  game_datapath/gameStates/p1_red_or_start_btn_cond/D_p1_lives_q[0]_i_5/O
                         net (fo=1, routed)           0.838    19.173    game_datapath/gameStates/p1_red_or_start_btn_cond/D_p1_lives_q[0]_i_5_n_0
    SLICE_X52Y85         LUT6 (Prop_lut6_I2_O)        0.124    19.297 r  game_datapath/gameStates/p1_red_or_start_btn_cond/D_p1_lives_q[0]_i_2/O
                         net (fo=1, routed)           0.000    19.297    game_datapath/gameStates/p1_red_or_start_btn_cond/D_p1_lives_q[0]_i_2_n_0
    SLICE_X52Y85         MUXF7 (Prop_muxf7_I0_O)      0.209    19.506 r  game_datapath/gameStates/p1_red_or_start_btn_cond/D_p1_lives_q_reg[0]_i_1/O
                         net (fo=9, routed)           0.652    20.157    game_datapath/regfile/D[0]
    SLICE_X53Y83         FDSE                                         r  game_datapath/regfile/D_current_colour_q_reg[0]/D
  -------------------------------------------------------------------    -------------------

                         (clock clk_0 rise edge)    100.000   100.000 r  
    N14                                               0.000   100.000 r  clk (IN)
                         net (fo=0)                   0.000   100.000    clk
    N14                  IBUF (Prop_ibuf_I_O)         1.446   101.446 r  clk_IBUF_inst/O
                         net (fo=1, routed)           1.868   103.314    clk_IBUF
    BUFGCTRL_X0Y0        BUFG (Prop_bufg_I_O)         0.091   103.405 r  clk_IBUF_BUFG_inst/O
                         net (fo=652, routed)         1.435   104.839    game_datapath/regfile/clk_IBUF_BUFG
    SLICE_X53Y83         FDSE                                         r  game_datapath/regfile/D_current_colour_q_reg[0]/C
                         clock pessimism              0.258   105.097    
                         clock uncertainty           -0.035   105.062    
    SLICE_X53Y83         FDSE (Setup_fdse_C_D)       -0.240   104.822    game_datapath/regfile/D_current_colour_q_reg[0]
  -------------------------------------------------------------------
                         required time                        104.822    
                         arrival time                         -20.157    
  -------------------------------------------------------------------
                         slack                                 84.664    

Slack (MET) :             84.668ns  (required time - arrival time)
  Source:                 game_datapath/gameStates/p1_green_btn_cond/D_ctr_q_reg[3]/C
                            (rising edge-triggered cell FDRE clocked by clk_0  {rise@0.000ns fall@50.000ns period=100.000ns})
  Destination:            game_datapath/regfile/D_p2_colour_q_reg[0]/D
                            (rising edge-triggered cell FDSE clocked by clk_0  {rise@0.000ns fall@50.000ns period=100.000ns})
  Path Group:             clk_0
  Path Type:              Setup (Max at Slow Process Corner)
  Requirement:            100.000ns  (clk_0 rise@100.000ns - clk_0 rise@0.000ns)
  Data Path Delay:        14.994ns  (logic 2.846ns (18.981%)  route 12.148ns (81.019%))
  Logic Levels:           13  (CARRY4=3 LUT2=1 LUT6=8 MUXF7=1)
  Clock Path Skew:        -0.099ns (DCD - SCD + CPR)
    Destination Clock Delay (DCD):    4.842ns = ( 104.842 - 100.000 ) 
    Source Clock Delay      (SCD):    5.199ns
    Clock Pessimism Removal (CPR):    0.258ns
  Clock Uncertainty:      0.035ns  ((TSJ^2 + TIJ^2)^1/2 + DJ) / 2 + PE
    Total System Jitter     (TSJ):    0.071ns
    Total Input Jitter      (TIJ):    0.000ns
    Discrete Jitter          (DJ):    0.000ns
    Phase Error              (PE):    0.000ns

    Location             Delay type                Incr(ns)  Path(ns)    Netlist Resource(s)
  -------------------------------------------------------------------    -------------------
                         (clock clk_0 rise edge)      0.000     0.000 r  
    N14                                               0.000     0.000 r  clk (IN)
                         net (fo=0)                   0.000     0.000    clk
    N14                  IBUF (Prop_ibuf_I_O)         1.517     1.517 r  clk_IBUF_inst/O
                         net (fo=1, routed)           1.972     3.488    clk_IBUF
    BUFGCTRL_X0Y0        BUFG (Prop_bufg_I_O)         0.096     3.584 r  clk_IBUF_BUFG_inst/O
                         net (fo=652, routed)         1.615     5.199    game_datapath/gameStates/p1_green_btn_cond/clk_IBUF_BUFG
    SLICE_X62Y81         FDRE                                         r  game_datapath/gameStates/p1_green_btn_cond/D_ctr_q_reg[3]/C
  -------------------------------------------------------------------    -------------------
    SLICE_X62Y81         FDRE (Prop_fdre_C_Q)         0.456     5.655 f  game_datapath/gameStates/p1_green_btn_cond/D_ctr_q_reg[3]/Q
                         net (fo=3, routed)           1.118     6.773    game_datapath/gameStates/p1_green_btn_cond/D_ctr_q_reg[3]
    SLICE_X63Y81         LUT6 (Prop_lut6_I0_O)        0.124     6.897 r  game_datapath/gameStates/p1_green_btn_cond/D_ctr_q[0]_i_4__0/O
                         net (fo=1, routed)           0.638     7.535    game_datapath/gameStates/p1_green_btn_cond/D_ctr_q[0]_i_4__0_n_0
    SLICE_X63Y82         LUT6 (Prop_lut6_I0_O)        0.124     7.659 r  game_datapath/gameStates/p1_green_btn_cond/D_ctr_q[0]_i_2__4/O
                         net (fo=18, routed)          1.268     8.927    game_datapath/gameStates/p1_red_or_start_btn_cond/D_p1_lives_q[31]_i_14
    SLICE_X60Y85         LUT6 (Prop_lut6_I3_O)        0.124     9.051 r  game_datapath/gameStates/p1_red_or_start_btn_cond/FSM_sequential_D_game_state_q[3]_i_3/O
                         net (fo=8, routed)           0.994    10.045    game_datapath/gameStates/p1_red_or_start_btn_cond/D_last_q_reg
    SLICE_X59Y87         LUT6 (Prop_lut6_I2_O)        0.124    10.169 r  game_datapath/gameStates/p1_red_or_start_btn_cond/FSM_sequential_D_game_state_q[4]_i_14/O
                         net (fo=65, routed)          3.626    13.795    game_datapath/regfile/i__carry__6_i_17
    SLICE_X51Y83         LUT6 (Prop_lut6_I2_O)        0.124    13.919 r  game_datapath/regfile/i__carry_i_23/O
                         net (fo=1, routed)           0.426    14.345    game_datapath/regfile/i__carry_i_23_n_0
    SLICE_X49Y84         LUT6 (Prop_lut6_I0_O)        0.124    14.469 r  game_datapath/regfile/i__carry_i_13/O
                         net (fo=13, routed)          1.427    15.896    game_datapath/gameStates/p1_red_or_start_btn_cond/D_p1_lives_q_reg[4]_i_2_0
    SLICE_X54Y89         LUT6 (Prop_lut6_I5_O)        0.124    16.020 r  game_datapath/gameStates/p1_red_or_start_btn_cond/i__carry_i_3__0/O
                         net (fo=1, routed)           0.000    16.020    game_datapath/game_alu/out_sig0_inferred__7/i__carry__0_0[1]
    SLICE_X54Y89         CARRY4 (Prop_carry4_S[1]_CO[3])
                                                      0.533    16.553 r  game_datapath/game_alu/out_sig0_inferred__7/i__carry/CO[3]
                         net (fo=1, routed)           0.000    16.553    game_datapath/game_alu/out_sig0_inferred__7/i__carry_n_0
    SLICE_X54Y90         CARRY4 (Prop_carry4_CI_CO[3])
                                                      0.117    16.670 r  game_datapath/game_alu/out_sig0_inferred__7/i__carry__0/CO[3]
                         net (fo=1, routed)           0.000    16.670    game_datapath/game_alu/out_sig0_inferred__7/i__carry__0_n_0
    SLICE_X54Y91         CARRY4 (Prop_carry4_CI_CO[2])
                                                      0.229    16.899 r  game_datapath/game_alu/out_sig0_inferred__7/i__carry__1/CO[2]
                         net (fo=1, routed)           1.125    18.025    game_datapath/gameStates/p1_red_or_start_btn_cond/CO[0]
    SLICE_X54Y85         LUT2 (Prop_lut2_I0_O)        0.310    18.335 f  game_datapath/gameStates/p1_red_or_start_btn_cond/D_p1_lives_q[0]_i_5/O
                         net (fo=1, routed)           0.838    19.173    game_datapath/gameStates/p1_red_or_start_btn_cond/D_p1_lives_q[0]_i_5_n_0
    SLICE_X52Y85         LUT6 (Prop_lut6_I2_O)        0.124    19.297 r  game_datapath/gameStates/p1_red_or_start_btn_cond/D_p1_lives_q[0]_i_2/O
                         net (fo=1, routed)           0.000    19.297    game_datapath/gameStates/p1_red_or_start_btn_cond/D_p1_lives_q[0]_i_2_n_0
    SLICE_X52Y85         MUXF7 (Prop_muxf7_I0_O)      0.209    19.506 r  game_datapath/gameStates/p1_red_or_start_btn_cond/D_p1_lives_q_reg[0]_i_1/O
                         net (fo=9, routed)           0.687    20.193    game_datapath/regfile/D[0]
    SLICE_X56Y85         FDSE                                         r  game_datapath/regfile/D_p2_colour_q_reg[0]/D
  -------------------------------------------------------------------    -------------------

                         (clock clk_0 rise edge)    100.000   100.000 r  
    N14                                               0.000   100.000 r  clk (IN)
                         net (fo=0)                   0.000   100.000    clk
    N14                  IBUF (Prop_ibuf_I_O)         1.446   101.446 r  clk_IBUF_inst/O
                         net (fo=1, routed)           1.868   103.314    clk_IBUF
    BUFGCTRL_X0Y0        BUFG (Prop_bufg_I_O)         0.091   103.405 r  clk_IBUF_BUFG_inst/O
                         net (fo=652, routed)         1.438   104.842    game_datapath/regfile/clk_IBUF_BUFG
    SLICE_X56Y85         FDSE                                         r  game_datapath/regfile/D_p2_colour_q_reg[0]/C
                         clock pessimism              0.258   105.100    
                         clock uncertainty           -0.035   105.065    
    SLICE_X56Y85         FDSE (Setup_fdse_C_D)       -0.204   104.861    game_datapath/regfile/D_p2_colour_q_reg[0]
  -------------------------------------------------------------------
                         required time                        104.861    
                         arrival time                         -20.193    
  -------------------------------------------------------------------
                         slack                                 84.668    





Min Delay Paths
--------------------------------------------------------------------------------------
Slack (MET) :             0.150ns  (arrival time - required time)
  Source:                 game_datapath/rngesus/random_number/D_y_q_reg[22]/C
                            (rising edge-triggered cell FDRE clocked by clk_0  {rise@0.000ns fall@50.000ns period=100.000ns})
  Destination:            game_datapath/rngesus/random_number/D_x_q_reg[22]/D
                            (rising edge-triggered cell FDRE clocked by clk_0  {rise@0.000ns fall@50.000ns period=100.000ns})
  Path Group:             clk_0
  Path Type:              Hold (Min at Fast Process Corner)
  Requirement:            0.000ns  (clk_0 rise@0.000ns - clk_0 rise@0.000ns)
  Data Path Delay:        0.261ns  (logic 0.141ns (53.971%)  route 0.120ns (46.028%))
  Logic Levels:           0  
  Clock Path Skew:        0.035ns (DCD - SCD - CPR)
    Destination Clock Delay (DCD):    2.015ns
    Source Clock Delay      (SCD):    1.501ns
    Clock Pessimism Removal (CPR):    0.480ns

    Location             Delay type                Incr(ns)  Path(ns)    Netlist Resource(s)
  -------------------------------------------------------------------    -------------------
                         (clock clk_0 rise edge)      0.000     0.000 r  
    N14                                               0.000     0.000 r  clk (IN)
                         net (fo=0)                   0.000     0.000    clk
    N14                  IBUF (Prop_ibuf_I_O)         0.284     0.284 r  clk_IBUF_inst/O
                         net (fo=1, routed)           0.634     0.918    clk_IBUF
    BUFGCTRL_X0Y0        BUFG (Prop_bufg_I_O)         0.026     0.944 r  clk_IBUF_BUFG_inst/O
                         net (fo=652, routed)         0.557     1.501    game_datapath/rngesus/random_number/clk_IBUF_BUFG
    SLICE_X40Y86         FDRE                                         r  game_datapath/rngesus/random_number/D_y_q_reg[22]/C
  -------------------------------------------------------------------    -------------------
    SLICE_X40Y86         FDRE (Prop_fdre_C_Q)         0.141     1.642 r  game_datapath/rngesus/random_number/D_y_q_reg[22]/Q
                         net (fo=1, routed)           0.120     1.762    game_datapath/rngesus/random_number/D_y_q[22]
    SLICE_X38Y87         FDRE                                         r  game_datapath/rngesus/random_number/D_x_q_reg[22]/D
  -------------------------------------------------------------------    -------------------

                         (clock clk_0 rise edge)      0.000     0.000 r  
    N14                                               0.000     0.000 r  clk (IN)
                         net (fo=0)                   0.000     0.000    clk
    N14                  IBUF (Prop_ibuf_I_O)         0.472     0.472 r  clk_IBUF_inst/O
                         net (fo=1, routed)           0.689     1.161    clk_IBUF
    BUFGCTRL_X0Y0        BUFG (Prop_bufg_I_O)         0.029     1.190 r  clk_IBUF_BUFG_inst/O
                         net (fo=652, routed)         0.825     2.015    game_datapath/rngesus/random_number/clk_IBUF_BUFG
    SLICE_X38Y87         FDRE                                         r  game_datapath/rngesus/random_number/D_x_q_reg[22]/C
                         clock pessimism             -0.480     1.536    
    SLICE_X38Y87         FDRE (Hold_fdre_C_D)         0.076     1.612    game_datapath/rngesus/random_number/D_x_q_reg[22]
  -------------------------------------------------------------------
                         required time                         -1.612    
                         arrival time                           1.762    
  -------------------------------------------------------------------
                         slack                                  0.150    

Slack (MET) :             0.151ns  (arrival time - required time)
  Source:                 game_datapath/rngesus/random_number/D_x_q_reg[7]/C
                            (rising edge-triggered cell FDRE clocked by clk_0  {rise@0.000ns fall@50.000ns period=100.000ns})
  Destination:            game_datapath/rngesus/random_number/D_w_q_reg[7]/D
                            (rising edge-triggered cell FDRE clocked by clk_0  {rise@0.000ns fall@50.000ns period=100.000ns})
  Path Group:             clk_0
  Path Type:              Hold (Min at Fast Process Corner)
  Requirement:            0.000ns  (clk_0 rise@0.000ns - clk_0 rise@0.000ns)
  Data Path Delay:        0.256ns  (logic 0.186ns (72.524%)  route 0.070ns (27.476%))
  Logic Levels:           1  (LUT6=1)
  Clock Path Skew:        0.013ns (DCD - SCD - CPR)
    Destination Clock Delay (DCD):    2.019ns
    Source Clock Delay      (SCD):    1.504ns
    Clock Pessimism Removal (CPR):    0.503ns

    Location             Delay type                Incr(ns)  Path(ns)    Netlist Resource(s)
  -------------------------------------------------------------------    -------------------
                         (clock clk_0 rise edge)      0.000     0.000 r  
    N14                                               0.000     0.000 r  clk (IN)
                         net (fo=0)                   0.000     0.000    clk
    N14                  IBUF (Prop_ibuf_I_O)         0.284     0.284 r  clk_IBUF_inst/O
                         net (fo=1, routed)           0.634     0.918    clk_IBUF
    BUFGCTRL_X0Y0        BUFG (Prop_bufg_I_O)         0.026     0.944 r  clk_IBUF_BUFG_inst/O
                         net (fo=652, routed)         0.560     1.504    game_datapath/rngesus/random_number/clk_IBUF_BUFG
    SLICE_X45Y89         FDRE                                         r  game_datapath/rngesus/random_number/D_x_q_reg[7]/C
  -------------------------------------------------------------------    -------------------
    SLICE_X45Y89         FDRE (Prop_fdre_C_Q)         0.141     1.645 r  game_datapath/rngesus/random_number/D_x_q_reg[7]/Q
                         net (fo=3, routed)           0.070     1.715    game_datapath/rngesus/random_number/D_x_q[7]
    SLICE_X44Y89         LUT6 (Prop_lut6_I4_O)        0.045     1.760 r  game_datapath/rngesus/random_number/D_w_q[7]_i_1/O
                         net (fo=1, routed)           0.000     1.760    game_datapath/rngesus/random_number/D_w_d[7]
    SLICE_X44Y89         FDRE                                         r  game_datapath/rngesus/random_number/D_w_q_reg[7]/D
  -------------------------------------------------------------------    -------------------

                         (clock clk_0 rise edge)      0.000     0.000 r  
    N14                                               0.000     0.000 r  clk (IN)
                         net (fo=0)                   0.000     0.000    clk
    N14                  IBUF (Prop_ibuf_I_O)         0.472     0.472 r  clk_IBUF_inst/O
                         net (fo=1, routed)           0.689     1.161    clk_IBUF
    BUFGCTRL_X0Y0        BUFG (Prop_bufg_I_O)         0.029     1.190 r  clk_IBUF_BUFG_inst/O
                         net (fo=652, routed)         0.830     2.019    game_datapath/rngesus/random_number/clk_IBUF_BUFG
    SLICE_X44Y89         FDRE                                         r  game_datapath/rngesus/random_number/D_w_q_reg[7]/C
                         clock pessimism             -0.503     1.517    
    SLICE_X44Y89         FDRE (Hold_fdre_C_D)         0.092     1.609    game_datapath/rngesus/random_number/D_w_q_reg[7]
  -------------------------------------------------------------------
                         required time                         -1.609    
                         arrival time                           1.760    
  -------------------------------------------------------------------
                         slack                                  0.151    

Slack (MET) :             0.160ns  (arrival time - required time)
  Source:                 game_datapath/rngesus/random_number/D_w_q_reg[5]/C
                            (rising edge-triggered cell FDRE clocked by clk_0  {rise@0.000ns fall@50.000ns period=100.000ns})
  Destination:            game_datapath/rngesus/random_number/D_z_q_reg[5]/D
                            (rising edge-triggered cell FDSE clocked by clk_0  {rise@0.000ns fall@50.000ns period=100.000ns})
  Path Group:             clk_0
  Path Type:              Hold (Min at Fast Process Corner)
  Requirement:            0.000ns  (clk_0 rise@0.000ns - clk_0 rise@0.000ns)
  Data Path Delay:        0.273ns  (logic 0.141ns (51.564%)  route 0.132ns (48.436%))
  Logic Levels:           0  
  Clock Path Skew:        0.035ns (DCD - SCD - CPR)
    Destination Clock Delay (DCD):    2.017ns
    Source Clock Delay      (SCD):    1.503ns
    Clock Pessimism Removal (CPR):    0.480ns

    Location             Delay type                Incr(ns)  Path(ns)    Netlist Resource(s)
  -------------------------------------------------------------------    -------------------
                         (clock clk_0 rise edge)      0.000     0.000 r  
    N14                                               0.000     0.000 r  clk (IN)
                         net (fo=0)                   0.000     0.000    clk
    N14                  IBUF (Prop_ibuf_I_O)         0.284     0.284 r  clk_IBUF_inst/O
                         net (fo=1, routed)           0.634     0.918    clk_IBUF
    BUFGCTRL_X0Y0        BUFG (Prop_bufg_I_O)         0.026     0.944 r  clk_IBUF_BUFG_inst/O
                         net (fo=652, routed)         0.559     1.503    game_datapath/rngesus/random_number/clk_IBUF_BUFG
    SLICE_X40Y89         FDRE                                         r  game_datapath/rngesus/random_number/D_w_q_reg[5]/C
  -------------------------------------------------------------------    -------------------
    SLICE_X40Y89         FDRE (Prop_fdre_C_Q)         0.141     1.644 r  game_datapath/rngesus/random_number/D_w_q_reg[5]/Q
                         net (fo=2, routed)           0.132     1.776    game_datapath/rngesus/random_number/D_w_q_reg_n_0_[5]
    SLICE_X39Y89         FDSE                                         r  game_datapath/rngesus/random_number/D_z_q_reg[5]/D
  -------------------------------------------------------------------    -------------------

                         (clock clk_0 rise edge)      0.000     0.000 r  
    N14                                               0.000     0.000 r  clk (IN)
                         net (fo=0)                   0.000     0.000    clk
    N14                  IBUF (Prop_ibuf_I_O)         0.472     0.472 r  clk_IBUF_inst/O
                         net (fo=1, routed)           0.689     1.161    clk_IBUF
    BUFGCTRL_X0Y0        BUFG (Prop_bufg_I_O)         0.029     1.190 r  clk_IBUF_BUFG_inst/O
                         net (fo=652, routed)         0.827     2.017    game_datapath/rngesus/random_number/clk_IBUF_BUFG
    SLICE_X39Y89         FDSE                                         r  game_datapath/rngesus/random_number/D_z_q_reg[5]/C
                         clock pessimism             -0.480     1.538    
    SLICE_X39Y89         FDSE (Hold_fdse_C_D)         0.078     1.616    game_datapath/rngesus/random_number/D_z_q_reg[5]
  -------------------------------------------------------------------
                         required time                         -1.616    
                         arrival time                           1.776    
  -------------------------------------------------------------------
                         slack                                  0.160    

Slack (MET) :             0.163ns  (arrival time - required time)
  Source:                 game_datapath/rngesus/random_number/D_x_q_reg[16]/C
                            (rising edge-triggered cell FDRE clocked by clk_0  {rise@0.000ns fall@50.000ns period=100.000ns})
  Destination:            game_datapath/rngesus/random_number/D_w_q_reg[27]/D
                            (rising edge-triggered cell FDRE clocked by clk_0  {rise@0.000ns fall@50.000ns period=100.000ns})
  Path Group:             clk_0
  Path Type:              Hold (Min at Fast Process Corner)
  Requirement:            0.000ns  (clk_0 rise@0.000ns - clk_0 rise@0.000ns)
  Data Path Delay:        0.296ns  (logic 0.186ns (62.752%)  route 0.110ns (37.248%))
  Logic Levels:           1  (LUT3=1)
  Clock Path Skew:        0.013ns (DCD - SCD - CPR)
    Destination Clock Delay (DCD):    2.017ns
    Source Clock Delay      (SCD):    1.503ns
    Clock Pessimism Removal (CPR):    0.502ns

    Location             Delay type                Incr(ns)  Path(ns)    Netlist Resource(s)
  -------------------------------------------------------------------    -------------------
                         (clock clk_0 rise edge)      0.000     0.000 r  
    N14                                               0.000     0.000 r  clk (IN)
                         net (fo=0)                   0.000     0.000    clk
    N14                  IBUF (Prop_ibuf_I_O)         0.284     0.284 r  clk_IBUF_inst/O
                         net (fo=1, routed)           0.634     0.918    clk_IBUF
    BUFGCTRL_X0Y0        BUFG (Prop_bufg_I_O)         0.026     0.944 r  clk_IBUF_BUFG_inst/O
                         net (fo=652, routed)         0.559     1.503    game_datapath/rngesus/random_number/clk_IBUF_BUFG
    SLICE_X39Y89         FDRE                                         r  game_datapath/rngesus/random_number/D_x_q_reg[16]/C
  -------------------------------------------------------------------    -------------------
    SLICE_X39Y89         FDRE (Prop_fdre_C_Q)         0.141     1.644 r  game_datapath/rngesus/random_number/D_x_q_reg[16]/Q
                         net (fo=4, routed)           0.110     1.754    game_datapath/rngesus/random_number/D_x_q[16]
    SLICE_X38Y89         LUT3 (Prop_lut3_I1_O)        0.045     1.799 r  game_datapath/rngesus/random_number/D_w_q[27]_i_1/O
                         net (fo=1, routed)           0.000     1.799    game_datapath/rngesus/random_number/D_w_q[27]_i_1_n_0
    SLICE_X38Y89         FDRE                                         r  game_datapath/rngesus/random_number/D_w_q_reg[27]/D
  -------------------------------------------------------------------    -------------------

                         (clock clk_0 rise edge)      0.000     0.000 r  
    N14                                               0.000     0.000 r  clk (IN)
                         net (fo=0)                   0.000     0.000    clk
    N14                  IBUF (Prop_ibuf_I_O)         0.472     0.472 r  clk_IBUF_inst/O
                         net (fo=1, routed)           0.689     1.161    clk_IBUF
    BUFGCTRL_X0Y0        BUFG (Prop_bufg_I_O)         0.029     1.190 r  clk_IBUF_BUFG_inst/O
                         net (fo=652, routed)         0.827     2.017    game_datapath/rngesus/random_number/clk_IBUF_BUFG
    SLICE_X38Y89         FDRE                                         r  game_datapath/rngesus/random_number/D_w_q_reg[27]/C
                         clock pessimism             -0.502     1.516    
    SLICE_X38Y89         FDRE (Hold_fdre_C_D)         0.120     1.636    game_datapath/rngesus/random_number/D_w_q_reg[27]
  -------------------------------------------------------------------
                         required time                         -1.636    
                         arrival time                           1.799    
  -------------------------------------------------------------------
                         slack                                  0.163    

Slack (MET) :             0.165ns  (arrival time - required time)
  Source:                 game_datapath/rngesus/random_number/D_w_q_reg[8]/C
                            (rising edge-triggered cell FDRE clocked by clk_0  {rise@0.000ns fall@50.000ns period=100.000ns})
  Destination:            game_datapath/rngesus/random_number/D_z_q_reg[8]/D
                            (rising edge-triggered cell FDRE clocked by clk_0  {rise@0.000ns fall@50.000ns period=100.000ns})
  Path Group:             clk_0
  Path Type:              Hold (Min at Fast Process Corner)
  Requirement:            0.000ns  (clk_0 rise@0.000ns - clk_0 rise@0.000ns)
  Data Path Delay:        0.272ns  (logic 0.141ns (51.834%)  route 0.131ns (48.166%))
  Logic Levels:           0  
  Clock Path Skew:        0.036ns (DCD - SCD - CPR)
    Destination Clock Delay (DCD):    2.018ns
    Source Clock Delay      (SCD):    1.503ns
    Clock Pessimism Removal (CPR):    0.480ns

    Location             Delay type                Incr(ns)  Path(ns)    Netlist Resource(s)
  -------------------------------------------------------------------    -------------------
                         (clock clk_0 rise edge)      0.000     0.000 r  
    N14                                               0.000     0.000 r  clk (IN)
                         net (fo=0)                   0.000     0.000    clk
    N14                  IBUF (Prop_ibuf_I_O)         0.284     0.284 r  clk_IBUF_inst/O
                         net (fo=1, routed)           0.634     0.918    clk_IBUF
    BUFGCTRL_X0Y0        BUFG (Prop_bufg_I_O)         0.026     0.944 r  clk_IBUF_BUFG_inst/O
                         net (fo=652, routed)         0.559     1.503    game_datapath/rngesus/random_number/clk_IBUF_BUFG
    SLICE_X39Y88         FDRE                                         r  game_datapath/rngesus/random_number/D_w_q_reg[8]/C
  -------------------------------------------------------------------    -------------------
    SLICE_X39Y88         FDRE (Prop_fdre_C_Q)         0.141     1.644 r  game_datapath/rngesus/random_number/D_w_q_reg[8]/Q
                         net (fo=2, routed)           0.131     1.775    game_datapath/rngesus/random_number/D_w_q_reg_n_0_[8]
    SLICE_X40Y88         FDRE                                         r  game_datapath/rngesus/random_number/D_z_q_reg[8]/D
  -------------------------------------------------------------------    -------------------

                         (clock clk_0 rise edge)      0.000     0.000 r  
    N14                                               0.000     0.000 r  clk (IN)
                         net (fo=0)                   0.000     0.000    clk
    N14                  IBUF (Prop_ibuf_I_O)         0.472     0.472 r  clk_IBUF_inst/O
                         net (fo=1, routed)           0.689     1.161    clk_IBUF
    BUFGCTRL_X0Y0        BUFG (Prop_bufg_I_O)         0.029     1.190 r  clk_IBUF_BUFG_inst/O
                         net (fo=652, routed)         0.829     2.018    game_datapath/rngesus/random_number/clk_IBUF_BUFG
    SLICE_X40Y88         FDRE                                         r  game_datapath/rngesus/random_number/D_z_q_reg[8]/C
                         clock pessimism             -0.480     1.539    
    SLICE_X40Y88         FDRE (Hold_fdre_C_D)         0.071     1.610    game_datapath/rngesus/random_number/D_z_q_reg[8]
  -------------------------------------------------------------------
                         required time                         -1.610    
                         arrival time                           1.775    
  -------------------------------------------------------------------
                         slack                                  0.165    

Slack (MET) :             0.165ns  (arrival time - required time)
  Source:                 game_datapath/rngesus/random_number/D_x_q_reg[29]/C
                            (rising edge-triggered cell FDRE clocked by clk_0  {rise@0.000ns fall@50.000ns period=100.000ns})
  Destination:            game_datapath/rngesus/random_number/D_w_q_reg[29]/D
                            (rising edge-triggered cell FDRE clocked by clk_0  {rise@0.000ns fall@50.000ns period=100.000ns})
  Path Group:             clk_0
  Path Type:              Hold (Min at Fast Process Corner)
  Requirement:            0.000ns  (clk_0 rise@0.000ns - clk_0 rise@0.000ns)
  Data Path Delay:        0.301ns  (logic 0.186ns (61.751%)  route 0.115ns (38.249%))
  Logic Levels:           1  (LUT3=1)
  Clock Path Skew:        0.015ns (DCD - SCD - CPR)
    Destination Clock Delay (DCD):    2.018ns
    Source Clock Delay      (SCD):    1.504ns
    Clock Pessimism Removal (CPR):    0.500ns

    Location             Delay type                Incr(ns)  Path(ns)    Netlist Resource(s)
  -------------------------------------------------------------------    -------------------
                         (clock clk_0 rise edge)      0.000     0.000 r  
    N14                                               0.000     0.000 r  clk (IN)
                         net (fo=0)                   0.000     0.000    clk
    N14                  IBUF (Prop_ibuf_I_O)         0.284     0.284 r  clk_IBUF_inst/O
                         net (fo=1, routed)           0.634     0.918    clk_IBUF
    BUFGCTRL_X0Y0        BUFG (Prop_bufg_I_O)         0.026     0.944 r  clk_IBUF_BUFG_inst/O
                         net (fo=652, routed)         0.560     1.504    game_datapath/rngesus/random_number/clk_IBUF_BUFG
    SLICE_X43Y90         FDRE                                         r  game_datapath/rngesus/random_number/D_x_q_reg[29]/C
  -------------------------------------------------------------------    -------------------
    SLICE_X43Y90         FDRE (Prop_fdre_C_Q)         0.141     1.645 r  game_datapath/rngesus/random_number/D_x_q_reg[29]/Q
                         net (fo=2, routed)           0.115     1.760    game_datapath/rngesus/random_number/D_x_q[29]
    SLICE_X42Y89         LUT3 (Prop_lut3_I2_O)        0.045     1.805 r  game_datapath/rngesus/random_number/D_w_q[29]_i_1/O
                         net (fo=1, routed)           0.000     1.805    game_datapath/rngesus/random_number/D_w_q[29]_i_1_n_0
    SLICE_X42Y89         FDRE                                         r  game_datapath/rngesus/random_number/D_w_q_reg[29]/D
  -------------------------------------------------------------------    -------------------

                         (clock clk_0 rise edge)      0.000     0.000 r  
    N14                                               0.000     0.000 r  clk (IN)
                         net (fo=0)                   0.000     0.000    clk
    N14                  IBUF (Prop_ibuf_I_O)         0.472     0.472 r  clk_IBUF_inst/O
                         net (fo=1, routed)           0.689     1.161    clk_IBUF
    BUFGCTRL_X0Y0        BUFG (Prop_bufg_I_O)         0.029     1.190 r  clk_IBUF_BUFG_inst/O
                         net (fo=652, routed)         0.829     2.018    game_datapath/rngesus/random_number/clk_IBUF_BUFG
    SLICE_X42Y89         FDRE                                         r  game_datapath/rngesus/random_number/D_w_q_reg[29]/C
                         clock pessimism             -0.500     1.519    
    SLICE_X42Y89         FDRE (Hold_fdre_C_D)         0.121     1.640    game_datapath/rngesus/random_number/D_w_q_reg[29]
  -------------------------------------------------------------------
                         required time                         -1.640    
                         arrival time                           1.805    
  -------------------------------------------------------------------
                         slack                                  0.165    

Slack (MET) :             0.166ns  (arrival time - required time)
  Source:                 game_datapath/rngesus/random_number/D_w_q_reg[9]/C
                            (rising edge-triggered cell FDRE clocked by clk_0  {rise@0.000ns fall@50.000ns period=100.000ns})
  Destination:            game_datapath/rngesus/random_number/D_z_q_reg[9]/D
                            (rising edge-triggered cell FDRE clocked by clk_0  {rise@0.000ns fall@50.000ns period=100.000ns})
  Path Group:             clk_0
  Path Type:              Hold (Min at Fast Process Corner)
  Requirement:            0.000ns  (clk_0 rise@0.000ns - clk_0 rise@0.000ns)
  Data Path Delay:        0.272ns  (logic 0.141ns (51.845%)  route 0.131ns (48.155%))
  Logic Levels:           0  
  Clock Path Skew:        0.035ns (DCD - SCD - CPR)
    Destination Clock Delay (DCD):    2.018ns
    Source Clock Delay      (SCD):    1.504ns
    Clock Pessimism Removal (CPR):    0.480ns

    Location             Delay type                Incr(ns)  Path(ns)    Netlist Resource(s)
  -------------------------------------------------------------------    -------------------
                         (clock clk_0 rise edge)      0.000     0.000 r  
    N14                                               0.000     0.000 r  clk (IN)
                         net (fo=0)                   0.000     0.000    clk
    N14                  IBUF (Prop_ibuf_I_O)         0.284     0.284 r  clk_IBUF_inst/O
                         net (fo=1, routed)           0.634     0.918    clk_IBUF
    BUFGCTRL_X0Y0        BUFG (Prop_bufg_I_O)         0.026     0.944 r  clk_IBUF_BUFG_inst/O
                         net (fo=652, routed)         0.560     1.504    game_datapath/rngesus/random_number/clk_IBUF_BUFG
    SLICE_X44Y88         FDRE                                         r  game_datapath/rngesus/random_number/D_w_q_reg[9]/C
  -------------------------------------------------------------------    -------------------
    SLICE_X44Y88         FDRE (Prop_fdre_C_Q)         0.141     1.645 r  game_datapath/rngesus/random_number/D_w_q_reg[9]/Q
                         net (fo=2, routed)           0.131     1.776    game_datapath/rngesus/random_number/D_w_q_reg_n_0_[9]
    SLICE_X41Y88         FDRE                                         r  game_datapath/rngesus/random_number/D_z_q_reg[9]/D
  -------------------------------------------------------------------    -------------------

                         (clock clk_0 rise edge)      0.000     0.000 r  
    N14                                               0.000     0.000 r  clk (IN)
                         net (fo=0)                   0.000     0.000    clk
    N14                  IBUF (Prop_ibuf_I_O)         0.472     0.472 r  clk_IBUF_inst/O
                         net (fo=1, routed)           0.689     1.161    clk_IBUF
    BUFGCTRL_X0Y0        BUFG (Prop_bufg_I_O)         0.029     1.190 r  clk_IBUF_BUFG_inst/O
                         net (fo=652, routed)         0.829     2.018    game_datapath/rngesus/random_number/clk_IBUF_BUFG
    SLICE_X41Y88         FDRE                                         r  game_datapath/rngesus/random_number/D_z_q_reg[9]/C
                         clock pessimism             -0.480     1.539    
    SLICE_X41Y88         FDRE (Hold_fdre_C_D)         0.071     1.610    game_datapath/rngesus/random_number/D_z_q_reg[9]
  -------------------------------------------------------------------
                         required time                         -1.610    
                         arrival time                           1.776    
  -------------------------------------------------------------------
                         slack                                  0.166    

Slack (MET) :             0.171ns  (arrival time - required time)
  Source:                 game_datapath/rngesus/random_number/D_w_q_reg[16]/C
                            (rising edge-triggered cell FDRE clocked by clk_0  {rise@0.000ns fall@50.000ns period=100.000ns})
  Destination:            game_datapath/rngesus/random_number/D_z_q_reg[16]/D
                            (rising edge-triggered cell FDRE clocked by clk_0  {rise@0.000ns fall@50.000ns period=100.000ns})
  Path Group:             clk_0
  Path Type:              Hold (Min at Fast Process Corner)
  Requirement:            0.000ns  (clk_0 rise@0.000ns - clk_0 rise@0.000ns)
  Data Path Delay:        0.207ns  (logic 0.148ns (71.500%)  route 0.059ns (28.500%))
  Logic Levels:           0  
  Clock Path Skew:        0.013ns (DCD - SCD - CPR)
    Destination Clock Delay (DCD):    2.017ns
    Source Clock Delay      (SCD):    1.503ns
    Clock Pessimism Removal (CPR):    0.502ns

    Location             Delay type                Incr(ns)  Path(ns)    Netlist Resource(s)
  -------------------------------------------------------------------    -------------------
                         (clock clk_0 rise edge)      0.000     0.000 r  
    N14                                               0.000     0.000 r  clk (IN)
                         net (fo=0)                   0.000     0.000    clk
    N14                  IBUF (Prop_ibuf_I_O)         0.284     0.284 r  clk_IBUF_inst/O
                         net (fo=1, routed)           0.634     0.918    clk_IBUF
    BUFGCTRL_X0Y0        BUFG (Prop_bufg_I_O)         0.026     0.944 r  clk_IBUF_BUFG_inst/O
                         net (fo=652, routed)         0.559     1.503    game_datapath/rngesus/random_number/clk_IBUF_BUFG
    SLICE_X38Y89         FDRE                                         r  game_datapath/rngesus/random_number/D_w_q_reg[16]/C
  -------------------------------------------------------------------    -------------------
    SLICE_X38Y89         FDRE (Prop_fdre_C_Q)         0.148     1.651 r  game_datapath/rngesus/random_number/D_w_q_reg[16]/Q
                         net (fo=2, routed)           0.059     1.710    game_datapath/rngesus/random_number/M_random_number_num[16]
    SLICE_X39Y89         FDRE                                         r  game_datapath/rngesus/random_number/D_z_q_reg[16]/D
  -------------------------------------------------------------------    -------------------

                         (clock clk_0 rise edge)      0.000     0.000 r  
    N14                                               0.000     0.000 r  clk (IN)
                         net (fo=0)                   0.000     0.000    clk
    N14                  IBUF (Prop_ibuf_I_O)         0.472     0.472 r  clk_IBUF_inst/O
                         net (fo=1, routed)           0.689     1.161    clk_IBUF
    BUFGCTRL_X0Y0        BUFG (Prop_bufg_I_O)         0.029     1.190 r  clk_IBUF_BUFG_inst/O
                         net (fo=652, routed)         0.827     2.017    game_datapath/rngesus/random_number/clk_IBUF_BUFG
    SLICE_X39Y89         FDRE                                         r  game_datapath/rngesus/random_number/D_z_q_reg[16]/C
                         clock pessimism             -0.502     1.516    
    SLICE_X39Y89         FDRE (Hold_fdre_C_D)         0.023     1.539    game_datapath/rngesus/random_number/D_z_q_reg[16]
  -------------------------------------------------------------------
                         required time                         -1.539    
                         arrival time                           1.710    
  -------------------------------------------------------------------
                         slack                                  0.171    

Slack (MET) :             0.174ns  (arrival time - required time)
  Source:                 game_datapath/rngesus/random_number/D_w_q_reg[11]/C
                            (rising edge-triggered cell FDRE clocked by clk_0  {rise@0.000ns fall@50.000ns period=100.000ns})
  Destination:            game_datapath/rngesus/random_number/D_z_q_reg[11]/D
                            (rising edge-triggered cell FDRE clocked by clk_0  {rise@0.000ns fall@50.000ns period=100.000ns})
  Path Group:             clk_0
  Path Type:              Hold (Min at Fast Process Corner)
  Requirement:            0.000ns  (clk_0 rise@0.000ns - clk_0 rise@0.000ns)
  Data Path Delay:        0.261ns  (logic 0.141ns (54.034%)  route 0.120ns (45.966%))
  Logic Levels:           0  
  Clock Path Skew:        0.034ns (DCD - SCD - CPR)
    Destination Clock Delay (DCD):    2.016ns
    Source Clock Delay      (SCD):    1.503ns
    Clock Pessimism Removal (CPR):    0.480ns

    Location             Delay type                Incr(ns)  Path(ns)    Netlist Resource(s)
  -------------------------------------------------------------------    -------------------
                         (clock clk_0 rise edge)      0.000     0.000 r  
    N14                                               0.000     0.000 r  clk (IN)
                         net (fo=0)                   0.000     0.000    clk
    N14                  IBUF (Prop_ibuf_I_O)         0.284     0.284 r  clk_IBUF_inst/O
                         net (fo=1, routed)           0.634     0.918    clk_IBUF
    BUFGCTRL_X0Y0        BUFG (Prop_bufg_I_O)         0.026     0.944 r  clk_IBUF_BUFG_inst/O
                         net (fo=652, routed)         0.559     1.503    game_datapath/rngesus/random_number/clk_IBUF_BUFG
    SLICE_X44Y87         FDRE                                         r  game_datapath/rngesus/random_number/D_w_q_reg[11]/C
  -------------------------------------------------------------------    -------------------
    SLICE_X44Y87         FDRE (Prop_fdre_C_Q)         0.141     1.644 r  game_datapath/rngesus/random_number/D_w_q_reg[11]/Q
                         net (fo=2, routed)           0.120     1.764    game_datapath/rngesus/random_number/D_w_q_reg_n_0_[11]
    SLICE_X42Y87         FDRE                                         r  game_datapath/rngesus/random_number/D_z_q_reg[11]/D
  -------------------------------------------------------------------    -------------------

                         (clock clk_0 rise edge)      0.000     0.000 r  
    N14                                               0.000     0.000 r  clk (IN)
                         net (fo=0)                   0.000     0.000    clk
    N14                  IBUF (Prop_ibuf_I_O)         0.472     0.472 r  clk_IBUF_inst/O
                         net (fo=1, routed)           0.689     1.161    clk_IBUF
    BUFGCTRL_X0Y0        BUFG (Prop_bufg_I_O)         0.029     1.190 r  clk_IBUF_BUFG_inst/O
                         net (fo=652, routed)         0.827     2.016    game_datapath/rngesus/random_number/clk_IBUF_BUFG
    SLICE_X42Y87         FDRE                                         r  game_datapath/rngesus/random_number/D_z_q_reg[11]/C
                         clock pessimism             -0.480     1.537    
    SLICE_X42Y87         FDRE (Hold_fdre_C_D)         0.053     1.590    game_datapath/rngesus/random_number/D_z_q_reg[11]
  -------------------------------------------------------------------
                         required time                         -1.590    
                         arrival time                           1.764    
  -------------------------------------------------------------------
                         slack                                  0.174    

Slack (MET) :             0.177ns  (arrival time - required time)
  Source:                 game_datapath/rngesus/random_number/D_w_q_reg[14]/C
                            (rising edge-triggered cell FDRE clocked by clk_0  {rise@0.000ns fall@50.000ns period=100.000ns})
  Destination:            game_datapath/rngesus/random_number/D_z_q_reg[14]/D
                            (rising edge-triggered cell FDRE clocked by clk_0  {rise@0.000ns fall@50.000ns period=100.000ns})
  Path Group:             clk_0
  Path Type:              Hold (Min at Fast Process Corner)
  Requirement:            0.000ns  (clk_0 rise@0.000ns - clk_0 rise@0.000ns)
  Data Path Delay:        0.266ns  (logic 0.141ns (53.070%)  route 0.125ns (46.930%))
  Logic Levels:           0  
  Clock Path Skew:        0.014ns (DCD - SCD - CPR)
    Destination Clock Delay (DCD):    2.015ns
    Source Clock Delay      (SCD):    1.502ns
    Clock Pessimism Removal (CPR):    0.500ns

    Location             Delay type                Incr(ns)  Path(ns)    Netlist Resource(s)
  -------------------------------------------------------------------    -------------------
                         (clock clk_0 rise edge)      0.000     0.000 r  
    N14                                               0.000     0.000 r  clk (IN)
                         net (fo=0)                   0.000     0.000    clk
    N14                  IBUF (Prop_ibuf_I_O)         0.284     0.284 r  clk_IBUF_inst/O
                         net (fo=1, routed)           0.634     0.918    clk_IBUF
    BUFGCTRL_X0Y0        BUFG (Prop_bufg_I_O)         0.026     0.944 r  clk_IBUF_BUFG_inst/O
                         net (fo=652, routed)         0.558     1.502    game_datapath/rngesus/random_number/clk_IBUF_BUFG
    SLICE_X40Y87         FDRE                                         r  game_datapath/rngesus/random_number/D_w_q_reg[14]/C
  -------------------------------------------------------------------    -------------------
    SLICE_X40Y87         FDRE (Prop_fdre_C_Q)         0.141     1.643 r  game_datapath/rngesus/random_number/D_w_q_reg[14]/Q
                         net (fo=2, routed)           0.125     1.767    game_datapath/rngesus/random_number/D_w_q_reg_n_0_[14]
    SLICE_X41Y86         FDRE                                         r  game_datapath/rngesus/random_number/D_z_q_reg[14]/D
  -------------------------------------------------------------------    -------------------

                         (clock clk_0 rise edge)      0.000     0.000 r  
    N14                                               0.000     0.000 r  clk (IN)
                         net (fo=0)                   0.000     0.000    clk
    N14                  IBUF (Prop_ibuf_I_O)         0.472     0.472 r  clk_IBUF_inst/O
                         net (fo=1, routed)           0.689     1.161    clk_IBUF
    BUFGCTRL_X0Y0        BUFG (Prop_bufg_I_O)         0.029     1.190 r  clk_IBUF_BUFG_inst/O
                         net (fo=652, routed)         0.826     2.015    game_datapath/rngesus/random_number/clk_IBUF_BUFG
    SLICE_X41Y86         FDRE                                         r  game_datapath/rngesus/random_number/D_z_q_reg[14]/C
                         clock pessimism             -0.500     1.516    
    SLICE_X41Y86         FDRE (Hold_fdre_C_D)         0.075     1.591    game_datapath/rngesus/random_number/D_z_q_reg[14]
  -------------------------------------------------------------------
                         required time                         -1.591    
                         arrival time                           1.767    
  -------------------------------------------------------------------
                         slack                                  0.177    





Pulse Width Checks
--------------------------------------------------------------------------------------
Clock Name:         clk_0
Waveform(ns):       { 0.000 50.000 }
Period(ns):         100.000
Sources:            { clk }

Check Type        Corner  Lib Pin  Reference Pin  Required(ns)  Actual(ns)  Slack(ns)  Location       Pin
Min Period        n/a     BUFG/I   n/a            2.155         100.000     97.845     BUFGCTRL_X0Y0  clk_IBUF_BUFG_inst/I
Min Period        n/a     FDRE/C   n/a            1.000         100.000     99.000     SLICE_X57Y82   game_datapath/gameStates/D_current_state_number_q_reg[0]/C
Min Period        n/a     FDRE/C   n/a            1.000         100.000     99.000     SLICE_X58Y82   game_datapath/gameStates/D_current_state_number_q_reg[1]/C
Min Period        n/a     FDRE/C   n/a            1.000         100.000     99.000     SLICE_X58Y82   game_datapath/gameStates/D_current_state_number_q_reg[2]/C
Min Period        n/a     FDRE/C   n/a            1.000         100.000     99.000     SLICE_X57Y82   game_datapath/gameStates/D_current_state_number_q_reg[3]/C
Min Period        n/a     FDRE/C   n/a            1.000         100.000     99.000     SLICE_X56Y82   game_datapath/gameStates/D_is_player_2_correct_q_reg/C
Min Period        n/a     FDRE/C   n/a            1.000         100.000     99.000     SLICE_X57Y84   game_datapath/gameStates/D_p1_current_lives_q_reg[0]/C
Min Period        n/a     FDRE/C   n/a            1.000         100.000     99.000     SLICE_X56Y84   game_datapath/gameStates/D_p1_current_lives_q_reg[1]/C
Min Period        n/a     FDRE/C   n/a            1.000         100.000     99.000     SLICE_X56Y84   game_datapath/gameStates/D_p1_current_lives_q_reg[2]/C
Min Period        n/a     FDRE/C   n/a            1.000         100.000     99.000     SLICE_X58Y86   game_datapath/gameStates/FSM_sequential_D_game_state_q_reg[0]/C
Low Pulse Width   Slow    FDRE/C   n/a            0.500         50.000      49.500     SLICE_X57Y82   game_datapath/gameStates/D_current_state_number_q_reg[0]/C
Low Pulse Width   Fast    FDRE/C   n/a            0.500         50.000      49.500     SLICE_X57Y82   game_datapath/gameStates/D_current_state_number_q_reg[0]/C
Low Pulse Width   Slow    FDRE/C   n/a            0.500         50.000      49.500     SLICE_X58Y82   game_datapath/gameStates/D_current_state_number_q_reg[1]/C
Low Pulse Width   Fast    FDRE/C   n/a            0.500         50.000      49.500     SLICE_X58Y82   game_datapath/gameStates/D_current_state_number_q_reg[1]/C
Low Pulse Width   Slow    FDRE/C   n/a            0.500         50.000      49.500     SLICE_X58Y82   game_datapath/gameStates/D_current_state_number_q_reg[2]/C
Low Pulse Width   Fast    FDRE/C   n/a            0.500         50.000      49.500     SLICE_X58Y82   game_datapath/gameStates/D_current_state_number_q_reg[2]/C
Low Pulse Width   Slow    FDRE/C   n/a            0.500         50.000      49.500     SLICE_X57Y82   game_datapath/gameStates/D_current_state_number_q_reg[3]/C
Low Pulse Width   Fast    FDRE/C   n/a            0.500         50.000      49.500     SLICE_X57Y82   game_datapath/gameStates/D_current_state_number_q_reg[3]/C
Low Pulse Width   Slow    FDRE/C   n/a            0.500         50.000      49.500     SLICE_X56Y82   game_datapath/gameStates/D_is_player_2_correct_q_reg/C
Low Pulse Width   Fast    FDRE/C   n/a            0.500         50.000      49.500     SLICE_X56Y82   game_datapath/gameStates/D_is_player_2_correct_q_reg/C
High Pulse Width  Slow    FDRE/C   n/a            0.500         50.000      49.500     SLICE_X57Y82   game_datapath/gameStates/D_current_state_number_q_reg[0]/C
High Pulse Width  Fast    FDRE/C   n/a            0.500         50.000      49.500     SLICE_X57Y82   game_datapath/gameStates/D_current_state_number_q_reg[0]/C
High Pulse Width  Slow    FDRE/C   n/a            0.500         50.000      49.500     SLICE_X58Y82   game_datapath/gameStates/D_current_state_number_q_reg[1]/C
High Pulse Width  Fast    FDRE/C   n/a            0.500         50.000      49.500     SLICE_X58Y82   game_datapath/gameStates/D_current_state_number_q_reg[1]/C
High Pulse Width  Slow    FDRE/C   n/a            0.500         50.000      49.500     SLICE_X58Y82   game_datapath/gameStates/D_current_state_number_q_reg[2]/C
High Pulse Width  Fast    FDRE/C   n/a            0.500         50.000      49.500     SLICE_X58Y82   game_datapath/gameStates/D_current_state_number_q_reg[2]/C
High Pulse Width  Slow    FDRE/C   n/a            0.500         50.000      49.500     SLICE_X57Y82   game_datapath/gameStates/D_current_state_number_q_reg[3]/C
High Pulse Width  Fast    FDRE/C   n/a            0.500         50.000      49.500     SLICE_X57Y82   game_datapath/gameStates/D_current_state_number_q_reg[3]/C
High Pulse Width  Slow    FDRE/C   n/a            0.500         50.000      49.500     SLICE_X56Y82   game_datapath/gameStates/D_is_player_2_correct_q_reg/C
High Pulse Width  Fast    FDRE/C   n/a            0.500         50.000      49.500     SLICE_X56Y82   game_datapath/gameStates/D_is_player_2_correct_q_reg/C



--------------------------------------------------------------------------------------
Path Group:  (none)
From Clock:  
  To Clock:  

Max Delay             7 Endpoints
Min Delay             7 Endpoints
--------------------------------------------------------------------------------------


Max Delay Paths
--------------------------------------------------------------------------------------
Slack:                    inf
  Source:                 player_1_red_or_start_button
                            (input port)
  Destination:            io_led[0][0]
                            (output port)
  Path Group:             (none)
  Path Type:              Max at Slow Process Corner
  Data Path Delay:        11.464ns  (logic 5.046ns (44.013%)  route 6.419ns (55.987%))
  Logic Levels:           2  (IBUF=1 OBUF=1)

    Location             Delay type                Incr(ns)  Path(ns)    Netlist Resource(s)
  -------------------------------------------------------------------    -------------------
    T13                                               0.000     0.000 r  player_1_red_or_start_button (IN)
                         net (fo=0)                   0.000     0.000    player_1_red_or_start_button
    T13                  IBUF (Prop_ibuf_I_O)         1.500     1.500 r  player_1_red_or_start_button_IBUF_inst/O
                         net (fo=2, routed)           6.419     7.919    io_led[0]_OBUF[0]
    B6                   OBUF (Prop_obuf_I_O)         3.546    11.464 r  io_led[0][0]_INST_0/O
                         net (fo=0)                   0.000    11.464    io_led[0][0]
    B6                                                                r  io_led[0][0] (OUT)
  -------------------------------------------------------------------    -------------------

Slack:                    inf
  Source:                 player_1_green_button
                            (input port)
  Destination:            io_led[0][1]
                            (output port)
  Path Group:             (none)
  Path Type:              Max at Slow Process Corner
  Data Path Delay:        11.401ns  (logic 5.065ns (44.424%)  route 6.336ns (55.576%))
  Logic Levels:           2  (IBUF=1 OBUF=1)

    Location             Delay type                Incr(ns)  Path(ns)    Netlist Resource(s)
  -------------------------------------------------------------------    -------------------
    N11                                               0.000     0.000 r  player_1_green_button (IN)
                         net (fo=0)                   0.000     0.000    player_1_green_button
    N11                  IBUF (Prop_ibuf_I_O)         1.519     1.519 r  player_1_green_button_IBUF_inst/O
                         net (fo=2, routed)           6.336     7.855    io_led[0]_OBUF[1]
    B5                   OBUF (Prop_obuf_I_O)         3.546    11.401 r  io_led[0][1]_INST_0/O
                         net (fo=0)                   0.000    11.401    io_led[0][1]
    B5                                                                r  io_led[0][1] (OUT)
  -------------------------------------------------------------------    -------------------

Slack:                    inf
  Source:                 player_1_blue_button
                            (input port)
  Destination:            io_led[0][2]
                            (output port)
  Path Group:             (none)
  Path Type:              Max at Slow Process Corner
  Data Path Delay:        11.163ns  (logic 5.067ns (45.392%)  route 6.096ns (54.608%))
  Logic Levels:           2  (IBUF=1 OBUF=1)

    Location             Delay type                Incr(ns)  Path(ns)    Netlist Resource(s)
  -------------------------------------------------------------------    -------------------
    R12                                               0.000     0.000 r  player_1_blue_button (IN)
                         net (fo=0)                   0.000     0.000    player_1_blue_button
    R12                  IBUF (Prop_ibuf_I_O)         1.516     1.516 r  player_1_blue_button_IBUF_inst/O
                         net (fo=2, routed)           6.096     7.612    io_led[0]_OBUF[2]
    A5                   OBUF (Prop_obuf_I_O)         3.551    11.163 r  io_led[0][2]_INST_0/O
                         net (fo=0)                   0.000    11.163    io_led[0][2]
    A5                                                                r  io_led[0][2] (OUT)
  -------------------------------------------------------------------    -------------------

Slack:                    inf
  Source:                 player_2_green_button
                            (input port)
  Destination:            io_led[1][1]
                            (output port)
  Path Group:             (none)
  Path Type:              Max at Slow Process Corner
  Data Path Delay:        7.626ns  (logic 5.033ns (65.995%)  route 2.593ns (34.005%))
  Logic Levels:           2  (IBUF=1 OBUF=1)

    Location             Delay type                Incr(ns)  Path(ns)    Netlist Resource(s)
  -------------------------------------------------------------------    -------------------
    M2                                                0.000     0.000 r  player_2_green_button (IN)
                         net (fo=0)                   0.000     0.000    player_2_green_button
    M2                   IBUF (Prop_ibuf_I_O)         1.484     1.484 r  player_2_green_button_IBUF_inst/O
                         net (fo=2, routed)           2.593     4.077    io_led[1]_OBUF[1]
    E1                   OBUF (Prop_obuf_I_O)         3.549     7.626 r  io_led[1][1]_INST_0/O
                         net (fo=0)                   0.000     7.626    io_led[1][1]
    E1                                                                r  io_led[1][1] (OUT)
  -------------------------------------------------------------------    -------------------

Slack:                    inf
  Source:                 player_2_red_button
                            (input port)
  Destination:            io_led[1][0]
                            (output port)
  Path Group:             (none)
  Path Type:              Max at Slow Process Corner
  Data Path Delay:        7.465ns  (logic 5.021ns (67.260%)  route 2.444ns (32.740%))
  Logic Levels:           2  (IBUF=1 OBUF=1)

    Location             Delay type                Incr(ns)  Path(ns)    Netlist Resource(s)
  -------------------------------------------------------------------    -------------------
    D6                                                0.000     0.000 r  player_2_red_button (IN)
                         net (fo=0)                   0.000     0.000    player_2_red_button
    D6                   IBUF (Prop_ibuf_I_O)         1.474     1.474 r  player_2_red_button_IBUF_inst/O
                         net (fo=2, routed)           2.444     3.918    io_led[1]_OBUF[0]
    F2                   OBUF (Prop_obuf_I_O)         3.547     7.465 r  io_led[1][0]_INST_0/O
                         net (fo=0)                   0.000     7.465    io_led[1][0]
    F2                                                                r  io_led[1][0] (OUT)
  -------------------------------------------------------------------    -------------------

Slack:                    inf
  Source:                 player_2_blue_button
                            (input port)
  Destination:            io_led[1][2]
                            (output port)
  Path Group:             (none)
  Path Type:              Max at Slow Process Corner
  Data Path Delay:        7.278ns  (logic 5.035ns (69.187%)  route 2.243ns (30.813%))
  Logic Levels:           2  (IBUF=1 OBUF=1)

    Location             Delay type                Incr(ns)  Path(ns)    Netlist Resource(s)
  -------------------------------------------------------------------    -------------------
    F5                                                0.000     0.000 r  player_2_blue_button (IN)
                         net (fo=0)                   0.000     0.000    player_2_blue_button
    F5                   IBUF (Prop_ibuf_I_O)         1.486     1.486 r  player_2_blue_button_IBUF_inst/O
                         net (fo=2, routed)           2.243     3.728    io_led[1]_OBUF[2]
    B2                   OBUF (Prop_obuf_I_O)         3.550     7.278 r  io_led[1][2]_INST_0/O
                         net (fo=0)                   0.000     7.278    io_led[1][2]
    B2                                                                r  io_led[1][2] (OUT)
  -------------------------------------------------------------------    -------------------

Slack:                    inf
  Source:                 usb_rx
                            (input port)
  Destination:            usb_tx
                            (output port)
  Path Group:             (none)
  Path Type:              Max at Slow Process Corner
  Data Path Delay:        6.972ns  (logic 5.041ns (72.308%)  route 1.931ns (27.692%))
  Logic Levels:           2  (IBUF=1 OBUF=1)

    Location             Delay type                Incr(ns)  Path(ns)    Netlist Resource(s)
  -------------------------------------------------------------------    -------------------
    P15                                               0.000     0.000 r  usb_rx (IN)
                         net (fo=0)                   0.000     0.000    usb_rx
    P15                  IBUF (Prop_ibuf_I_O)         1.495     1.495 r  usb_rx_IBUF_inst/O
                         net (fo=1, routed)           1.931     3.426    usb_tx_OBUF
    P16                  OBUF (Prop_obuf_I_O)         3.546     6.972 r  usb_tx_OBUF_inst/O
                         net (fo=0)                   0.000     6.972    usb_tx
    P16                                                               r  usb_tx (OUT)
  -------------------------------------------------------------------    -------------------





Min Delay Paths
--------------------------------------------------------------------------------------
Slack:                    inf
  Source:                 usb_rx
                            (input port)
  Destination:            usb_tx
                            (output port)
  Path Group:             (none)
  Path Type:              Min at Fast Process Corner
  Data Path Delay:        1.872ns  (logic 1.510ns (80.671%)  route 0.362ns (19.329%))
  Logic Levels:           2  (IBUF=1 OBUF=1)

    Location             Delay type                Incr(ns)  Path(ns)    Netlist Resource(s)
  -------------------------------------------------------------------    -------------------
    P15                                               0.000     0.000 r  usb_rx (IN)
                         net (fo=0)                   0.000     0.000    usb_rx
    P15                  IBUF (Prop_ibuf_I_O)         0.263     0.263 r  usb_rx_IBUF_inst/O
                         net (fo=1, routed)           0.362     0.625    usb_tx_OBUF
    P16                  OBUF (Prop_obuf_I_O)         1.247     1.872 r  usb_tx_OBUF_inst/O
                         net (fo=0)                   0.000     1.872    usb_tx
    P16                                                               r  usb_tx (OUT)
  -------------------------------------------------------------------    -------------------

Slack:                    inf
  Source:                 player_2_blue_button
                            (input port)
  Destination:            io_led[1][2]
                            (output port)
  Path Group:             (none)
  Path Type:              Min at Fast Process Corner
  Data Path Delay:        2.037ns  (logic 1.504ns (73.811%)  route 0.534ns (26.189%))
  Logic Levels:           2  (IBUF=1 OBUF=1)

    Location             Delay type                Incr(ns)  Path(ns)    Netlist Resource(s)
  -------------------------------------------------------------------    -------------------
    F5                                                0.000     0.000 r  player_2_blue_button (IN)
                         net (fo=0)                   0.000     0.000    player_2_blue_button
    F5                   IBUF (Prop_ibuf_I_O)         0.253     0.253 r  player_2_blue_button_IBUF_inst/O
                         net (fo=2, routed)           0.534     0.787    io_led[1]_OBUF[2]
    B2                   OBUF (Prop_obuf_I_O)         1.250     2.037 r  io_led[1][2]_INST_0/O
                         net (fo=0)                   0.000     2.037    io_led[1][2]
    B2                                                                r  io_led[1][2] (OUT)
  -------------------------------------------------------------------    -------------------

Slack:                    inf
  Source:                 player_2_red_button
                            (input port)
  Destination:            io_led[1][0]
                            (output port)
  Path Group:             (none)
  Path Type:              Min at Fast Process Corner
  Data Path Delay:        2.096ns  (logic 1.490ns (71.079%)  route 0.606ns (28.921%))
  Logic Levels:           2  (IBUF=1 OBUF=1)

    Location             Delay type                Incr(ns)  Path(ns)    Netlist Resource(s)
  -------------------------------------------------------------------    -------------------
    D6                                                0.000     0.000 r  player_2_red_button (IN)
                         net (fo=0)                   0.000     0.000    player_2_red_button
    D6                   IBUF (Prop_ibuf_I_O)         0.242     0.242 r  player_2_red_button_IBUF_inst/O
                         net (fo=2, routed)           0.606     0.848    io_led[1]_OBUF[0]
    F2                   OBUF (Prop_obuf_I_O)         1.248     2.096 r  io_led[1][0]_INST_0/O
                         net (fo=0)                   0.000     2.096    io_led[1][0]
    F2                                                                r  io_led[1][0] (OUT)
  -------------------------------------------------------------------    -------------------

Slack:                    inf
  Source:                 player_2_green_button
                            (input port)
  Destination:            io_led[1][1]
                            (output port)
  Path Group:             (none)
  Path Type:              Min at Fast Process Corner
  Data Path Delay:        2.164ns  (logic 1.501ns (69.390%)  route 0.662ns (30.610%))
  Logic Levels:           2  (IBUF=1 OBUF=1)

    Location             Delay type                Incr(ns)  Path(ns)    Netlist Resource(s)
  -------------------------------------------------------------------    -------------------
    M2                                                0.000     0.000 r  player_2_green_button (IN)
                         net (fo=0)                   0.000     0.000    player_2_green_button
    M2                   IBUF (Prop_ibuf_I_O)         0.251     0.251 r  player_2_green_button_IBUF_inst/O
                         net (fo=2, routed)           0.662     0.914    io_led[1]_OBUF[1]
    E1                   OBUF (Prop_obuf_I_O)         1.250     2.164 r  io_led[1][1]_INST_0/O
                         net (fo=0)                   0.000     2.164    io_led[1][1]
    E1                                                                r  io_led[1][1] (OUT)
  -------------------------------------------------------------------    -------------------

Slack:                    inf
  Source:                 player_1_blue_button
                            (input port)
  Destination:            io_led[0][2]
                            (output port)
  Path Group:             (none)
  Path Type:              Min at Fast Process Corner
  Data Path Delay:        4.015ns  (logic 1.535ns (38.235%)  route 2.480ns (61.765%))
  Logic Levels:           2  (IBUF=1 OBUF=1)

    Location             Delay type                Incr(ns)  Path(ns)    Netlist Resource(s)
  -------------------------------------------------------------------    -------------------
    R12                                               0.000     0.000 r  player_1_blue_button (IN)
                         net (fo=0)                   0.000     0.000    player_1_blue_button
    R12                  IBUF (Prop_ibuf_I_O)         0.284     0.284 r  player_1_blue_button_IBUF_inst/O
                         net (fo=2, routed)           2.480     2.763    io_led[0]_OBUF[2]
    A5                   OBUF (Prop_obuf_I_O)         1.251     4.015 r  io_led[0][2]_INST_0/O
                         net (fo=0)                   0.000     4.015    io_led[0][2]
    A5                                                                r  io_led[0][2] (OUT)
  -------------------------------------------------------------------    -------------------

Slack:                    inf
  Source:                 player_1_green_button
                            (input port)
  Destination:            io_led[0][1]
                            (output port)
  Path Group:             (none)
  Path Type:              Min at Fast Process Corner
  Data Path Delay:        4.069ns  (logic 1.533ns (37.671%)  route 2.536ns (62.329%))
  Logic Levels:           2  (IBUF=1 OBUF=1)

    Location             Delay type                Incr(ns)  Path(ns)    Netlist Resource(s)
  -------------------------------------------------------------------    -------------------
    N11                                               0.000     0.000 r  player_1_green_button (IN)
                         net (fo=0)                   0.000     0.000    player_1_green_button
    N11                  IBUF (Prop_ibuf_I_O)         0.286     0.286 r  player_1_green_button_IBUF_inst/O
                         net (fo=2, routed)           2.536     2.822    io_led[0]_OBUF[1]
    B5                   OBUF (Prop_obuf_I_O)         1.246     4.069 r  io_led[0][1]_INST_0/O
                         net (fo=0)                   0.000     4.069    io_led[0][1]
    B5                                                                r  io_led[0][1] (OUT)
  -------------------------------------------------------------------    -------------------

Slack:                    inf
  Source:                 player_1_red_or_start_button
                            (input port)
  Destination:            io_led[0][0]
                            (output port)
  Path Group:             (none)
  Path Type:              Min at Fast Process Corner
  Data Path Delay:        4.094ns  (logic 1.514ns (36.988%)  route 2.580ns (63.012%))
  Logic Levels:           2  (IBUF=1 OBUF=1)

    Location             Delay type                Incr(ns)  Path(ns)    Netlist Resource(s)
  -------------------------------------------------------------------    -------------------
    T13                                               0.000     0.000 r  player_1_red_or_start_button (IN)
                         net (fo=0)                   0.000     0.000    player_1_red_or_start_button
    T13                  IBUF (Prop_ibuf_I_O)         0.268     0.268 r  player_1_red_or_start_button_IBUF_inst/O
                         net (fo=2, routed)           2.580     2.847    io_led[0]_OBUF[0]
    B6                   OBUF (Prop_obuf_I_O)         1.246     4.094 r  io_led[0][0]_INST_0/O
                         net (fo=0)                   0.000     4.094    io_led[0][0]
    B6                                                                r  io_led[0][0] (OUT)
  -------------------------------------------------------------------    -------------------





--------------------------------------------------------------------------------------
Path Group:  (none)
From Clock:  clk_0
  To Clock:  

Max Delay            12 Endpoints
Min Delay            12 Endpoints
--------------------------------------------------------------------------------------


Max Delay Paths
--------------------------------------------------------------------------------------
Slack:                    inf
  Source:                 reset_cond/D_stage_q_reg[3]/C
                            (rising edge-triggered cell FDPE clocked by clk_0  {rise@0.000ns fall@50.000ns period=100.000ns})
  Destination:            data
                            (output port)
  Path Group:             (none)
  Path Type:              Max at Slow Process Corner
  Data Path Delay:        9.758ns  (logic 4.174ns (42.779%)  route 5.584ns (57.221%))
  Logic Levels:           2  (LUT4=1 OBUF=1)
  Clock Uncertainty:      0.025ns  ((TSJ^2 + TIJ^2)^1/2 + DJ) / 2 + PE
    Total System Jitter     (TSJ):    0.050ns
    Total Input Jitter      (TIJ):    0.000ns
    Discrete Jitter          (DJ):    0.000ns
    Phase Error              (PE):    0.000ns

    Location             Delay type                Incr(ns)  Path(ns)    Netlist Resource(s)
  -------------------------------------------------------------------    -------------------
                         (clock clk_0 rise edge)      0.000     0.000 r  
    N14                                               0.000     0.000 r  clk (IN)
                         net (fo=0)                   0.000     0.000    clk
    N14                  IBUF (Prop_ibuf_I_O)         1.517     1.517 r  clk_IBUF_inst/O
                         net (fo=1, routed)           1.972     3.488    clk_IBUF
    BUFGCTRL_X0Y0        BUFG (Prop_bufg_I_O)         0.096     3.584 r  clk_IBUF_BUFG_inst/O
                         net (fo=652, routed)         1.550     5.134    reset_cond/CLK
    SLICE_X50Y82         FDPE                                         r  reset_cond/D_stage_q_reg[3]/C
  -------------------------------------------------------------------    -------------------
    SLICE_X50Y82         FDPE (Prop_fdpe_C_Q)         0.518     5.652 f  reset_cond/D_stage_q_reg[3]/Q
                         net (fo=530, routed)         2.739     8.391    game_datapath/gameStates/colour_display/driver/SR[0]
    SLICE_X57Y75         LUT4 (Prop_lut4_I0_O)        0.124     8.515 r  game_datapath/gameStates/colour_display/driver/data_OBUF_inst_i_1/O
                         net (fo=1, routed)           2.844    11.360    data_OBUF
    M1                   OBUF (Prop_obuf_I_O)         3.532    14.892 r  data_OBUF_inst/O
                         net (fo=0)                   0.000    14.892    data
    M1                                                                r  data (OUT)
  -------------------------------------------------------------------    -------------------

Slack:                    inf
  Source:                 reset_cond/D_stage_q_reg[3]/C
                            (rising edge-triggered cell FDPE clocked by clk_0  {rise@0.000ns fall@50.000ns period=100.000ns})
  Destination:            io_led[2][0]
                            (output port)
  Path Group:             (none)
  Path Type:              Max at Slow Process Corner
  Data Path Delay:        9.476ns  (logic 4.397ns (46.398%)  route 5.079ns (53.602%))
  Logic Levels:           2  (LUT2=1 OBUF=1)
  Clock Uncertainty:      0.025ns  ((TSJ^2 + TIJ^2)^1/2 + DJ) / 2 + PE
    Total System Jitter     (TSJ):    0.050ns
    Total Input Jitter      (TIJ):    0.000ns
    Discrete Jitter          (DJ):    0.000ns
    Phase Error              (PE):    0.000ns

    Location             Delay type                Incr(ns)  Path(ns)    Netlist Resource(s)
  -------------------------------------------------------------------    -------------------
                         (clock clk_0 rise edge)      0.000     0.000 r  
    N14                                               0.000     0.000 r  clk (IN)
                         net (fo=0)                   0.000     0.000    clk
    N14                  IBUF (Prop_ibuf_I_O)         1.517     1.517 r  clk_IBUF_inst/O
                         net (fo=1, routed)           1.972     3.488    clk_IBUF
    BUFGCTRL_X0Y0        BUFG (Prop_bufg_I_O)         0.096     3.584 r  clk_IBUF_BUFG_inst/O
                         net (fo=652, routed)         1.550     5.134    reset_cond/CLK
    SLICE_X50Y82         FDPE                                         r  reset_cond/D_stage_q_reg[3]/C
  -------------------------------------------------------------------    -------------------
    SLICE_X50Y82         FDPE (Prop_fdpe_C_Q)         0.518     5.652 f  reset_cond/D_stage_q_reg[3]/Q
                         net (fo=530, routed)         2.739     8.391    game_datapath/gameStates/SR[0]
    SLICE_X57Y75         LUT2 (Prop_lut2_I1_O)        0.152     8.543 r  game_datapath/gameStates/io_led[2][0]_INST_0_i_1/O
                         net (fo=1, routed)           2.340    10.884    io_led[2]_OBUF[0]
    G2                   OBUF (Prop_obuf_I_O)         3.727    14.610 r  io_led[2][0]_INST_0/O
                         net (fo=0)                   0.000    14.610    io_led[2][0]
    G2                                                                r  io_led[2][0] (OUT)
  -------------------------------------------------------------------    -------------------

Slack:                    inf
  Source:                 reset_cond/D_stage_q_reg[3]/C
                            (rising edge-triggered cell FDPE clocked by clk_0  {rise@0.000ns fall@50.000ns period=100.000ns})
  Destination:            io_led[2][2]
                            (output port)
  Path Group:             (none)
  Path Type:              Max at Slow Process Corner
  Data Path Delay:        9.282ns  (logic 4.399ns (47.395%)  route 4.883ns (52.605%))
  Logic Levels:           2  (LUT2=1 OBUF=1)
  Clock Uncertainty:      0.025ns  ((TSJ^2 + TIJ^2)^1/2 + DJ) / 2 + PE
    Total System Jitter     (TSJ):    0.050ns
    Total Input Jitter      (TIJ):    0.000ns
    Discrete Jitter          (DJ):    0.000ns
    Phase Error              (PE):    0.000ns

    Location             Delay type                Incr(ns)  Path(ns)    Netlist Resource(s)
  -------------------------------------------------------------------    -------------------
                         (clock clk_0 rise edge)      0.000     0.000 r  
    N14                                               0.000     0.000 r  clk (IN)
                         net (fo=0)                   0.000     0.000    clk
    N14                  IBUF (Prop_ibuf_I_O)         1.517     1.517 r  clk_IBUF_inst/O
                         net (fo=1, routed)           1.972     3.488    clk_IBUF
    BUFGCTRL_X0Y0        BUFG (Prop_bufg_I_O)         0.096     3.584 r  clk_IBUF_BUFG_inst/O
                         net (fo=652, routed)         1.550     5.134    reset_cond/CLK
    SLICE_X50Y82         FDPE                                         r  reset_cond/D_stage_q_reg[3]/C
  -------------------------------------------------------------------    -------------------
    SLICE_X50Y82         FDPE (Prop_fdpe_C_Q)         0.518     5.652 f  reset_cond/D_stage_q_reg[3]/Q
                         net (fo=530, routed)         2.220     7.872    game_datapath/gameStates/SR[0]
    SLICE_X58Y82         LUT2 (Prop_lut2_I1_O)        0.152     8.024 r  game_datapath/gameStates/io_led[2][2]_INST_0_i_1/O
                         net (fo=1, routed)           2.663    10.687    io_led[2]_OBUF[2]
    H2                   OBUF (Prop_obuf_I_O)         3.729    14.416 r  io_led[2][2]_INST_0/O
                         net (fo=0)                   0.000    14.416    io_led[2][2]
    H2                                                                r  io_led[2][2] (OUT)
  -------------------------------------------------------------------    -------------------

Slack:                    inf
  Source:                 reset_cond/D_stage_q_reg[3]/C
                            (rising edge-triggered cell FDPE clocked by clk_0  {rise@0.000ns fall@50.000ns period=100.000ns})
  Destination:            io_led[1][7]
                            (output port)
  Path Group:             (none)
  Path Type:              Max at Slow Process Corner
  Data Path Delay:        9.218ns  (logic 4.379ns (47.498%)  route 4.840ns (52.502%))
  Logic Levels:           2  (LUT2=1 OBUF=1)
  Clock Uncertainty:      0.025ns  ((TSJ^2 + TIJ^2)^1/2 + DJ) / 2 + PE
    Total System Jitter     (TSJ):    0.050ns
    Total Input Jitter      (TIJ):    0.000ns
    Discrete Jitter          (DJ):    0.000ns
    Phase Error              (PE):    0.000ns

    Location             Delay type                Incr(ns)  Path(ns)    Netlist Resource(s)
  -------------------------------------------------------------------    -------------------
                         (clock clk_0 rise edge)      0.000     0.000 r  
    N14                                               0.000     0.000 r  clk (IN)
                         net (fo=0)                   0.000     0.000    clk
    N14                  IBUF (Prop_ibuf_I_O)         1.517     1.517 r  clk_IBUF_inst/O
                         net (fo=1, routed)           1.972     3.488    clk_IBUF
    BUFGCTRL_X0Y0        BUFG (Prop_bufg_I_O)         0.096     3.584 r  clk_IBUF_BUFG_inst/O
                         net (fo=652, routed)         1.550     5.134    reset_cond/CLK
    SLICE_X50Y82         FDPE                                         r  reset_cond/D_stage_q_reg[3]/C
  -------------------------------------------------------------------    -------------------
    SLICE_X50Y82         FDPE (Prop_fdpe_C_Q)         0.518     5.652 f  reset_cond/D_stage_q_reg[3]/Q
                         net (fo=530, routed)         1.819     7.471    game_datapath/gameStates/SR[0]
    SLICE_X56Y84         LUT2 (Prop_lut2_I1_O)        0.153     7.624 r  game_datapath/gameStates/io_led[1][7]_INST_0_i_1/O
                         net (fo=1, routed)           3.021    10.645    io_led[1]_OBUF[7]
    K5                   OBUF (Prop_obuf_I_O)         3.708    14.352 r  io_led[1][7]_INST_0/O
                         net (fo=0)                   0.000    14.352    io_led[1][7]
    K5                                                                r  io_led[1][7] (OUT)
  -------------------------------------------------------------------    -------------------

Slack:                    inf
  Source:                 reset_cond/D_stage_q_reg[3]/C
                            (rising edge-triggered cell FDPE clocked by clk_0  {rise@0.000ns fall@50.000ns period=100.000ns})
  Destination:            io_led[2][3]
                            (output port)
  Path Group:             (none)
  Path Type:              Max at Slow Process Corner
  Data Path Delay:        8.982ns  (logic 4.400ns (48.989%)  route 4.582ns (51.011%))
  Logic Levels:           2  (LUT2=1 OBUF=1)
  Clock Uncertainty:      0.025ns  ((TSJ^2 + TIJ^2)^1/2 + DJ) / 2 + PE
    Total System Jitter     (TSJ):    0.050ns
    Total Input Jitter      (TIJ):    0.000ns
    Discrete Jitter          (DJ):    0.000ns
    Phase Error              (PE):    0.000ns

    Location             Delay type                Incr(ns)  Path(ns)    Netlist Resource(s)
  -------------------------------------------------------------------    -------------------
                         (clock clk_0 rise edge)      0.000     0.000 r  
    N14                                               0.000     0.000 r  clk (IN)
                         net (fo=0)                   0.000     0.000    clk
    N14                  IBUF (Prop_ibuf_I_O)         1.517     1.517 r  clk_IBUF_inst/O
                         net (fo=1, routed)           1.972     3.488    clk_IBUF
    BUFGCTRL_X0Y0        BUFG (Prop_bufg_I_O)         0.096     3.584 r  clk_IBUF_BUFG_inst/O
                         net (fo=652, routed)         1.550     5.134    reset_cond/CLK
    SLICE_X50Y82         FDPE                                         r  reset_cond/D_stage_q_reg[3]/C
  -------------------------------------------------------------------    -------------------
    SLICE_X50Y82         FDPE (Prop_fdpe_C_Q)         0.518     5.652 f  reset_cond/D_stage_q_reg[3]/Q
                         net (fo=530, routed)         1.793     7.445    game_datapath/gameStates/SR[0]
    SLICE_X57Y82         LUT2 (Prop_lut2_I1_O)        0.152     7.597 r  game_datapath/gameStates/io_led[2][3]_INST_0_i_1/O
                         net (fo=1, routed)           2.789    10.386    io_led[2]_OBUF[3]
    H1                   OBUF (Prop_obuf_I_O)         3.730    14.116 r  io_led[2][3]_INST_0/O
                         net (fo=0)                   0.000    14.116    io_led[2][3]
    H1                                                                r  io_led[2][3] (OUT)
  -------------------------------------------------------------------    -------------------

Slack:                    inf
  Source:                 reset_cond/D_stage_q_reg[3]/C
                            (rising edge-triggered cell FDPE clocked by clk_0  {rise@0.000ns fall@50.000ns period=100.000ns})
  Destination:            io_led[2][1]
                            (output port)
  Path Group:             (none)
  Path Type:              Max at Slow Process Corner
  Data Path Delay:        8.702ns  (logic 4.168ns (47.893%)  route 4.534ns (52.107%))
  Logic Levels:           2  (LUT2=1 OBUF=1)
  Clock Uncertainty:      0.025ns  ((TSJ^2 + TIJ^2)^1/2 + DJ) / 2 + PE
    Total System Jitter     (TSJ):    0.050ns
    Total Input Jitter      (TIJ):    0.000ns
    Discrete Jitter          (DJ):    0.000ns
    Phase Error              (PE):    0.000ns

    Location             Delay type                Incr(ns)  Path(ns)    Netlist Resource(s)
  -------------------------------------------------------------------    -------------------
                         (clock clk_0 rise edge)      0.000     0.000 r  
    N14                                               0.000     0.000 r  clk (IN)
                         net (fo=0)                   0.000     0.000    clk
    N14                  IBUF (Prop_ibuf_I_O)         1.517     1.517 r  clk_IBUF_inst/O
                         net (fo=1, routed)           1.972     3.488    clk_IBUF
    BUFGCTRL_X0Y0        BUFG (Prop_bufg_I_O)         0.096     3.584 r  clk_IBUF_BUFG_inst/O
                         net (fo=652, routed)         1.550     5.134    reset_cond/CLK
    SLICE_X50Y82         FDPE                                         r  reset_cond/D_stage_q_reg[3]/C
  -------------------------------------------------------------------    -------------------
    SLICE_X50Y82         FDPE (Prop_fdpe_C_Q)         0.518     5.652 f  reset_cond/D_stage_q_reg[3]/Q
                         net (fo=530, routed)         2.220     7.872    game_datapath/gameStates/SR[0]
    SLICE_X58Y82         LUT2 (Prop_lut2_I1_O)        0.124     7.996 r  game_datapath/gameStates/io_led[2][1]_INST_0_i_1/O
                         net (fo=1, routed)           2.314    10.310    io_led[2]_OBUF[1]
    G1                   OBUF (Prop_obuf_I_O)         3.526    13.836 r  io_led[2][1]_INST_0/O
                         net (fo=0)                   0.000    13.836    io_led[2][1]
    G1                                                                r  io_led[2][1] (OUT)
  -------------------------------------------------------------------    -------------------

Slack:                    inf
  Source:                 game_datapath/regfile/D_current_colour_q_reg[1]/C
                            (rising edge-triggered cell FDSE clocked by clk_0  {rise@0.000ns fall@50.000ns period=100.000ns})
  Destination:            show_blue
                            (output port)
  Path Group:             (none)
  Path Type:              Max at Slow Process Corner
  Data Path Delay:        8.464ns  (logic 4.334ns (51.210%)  route 4.130ns (48.790%))
  Logic Levels:           2  (LUT2=1 OBUF=1)
  Clock Uncertainty:      0.025ns  ((TSJ^2 + TIJ^2)^1/2 + DJ) / 2 + PE
    Total System Jitter     (TSJ):    0.050ns
    Total Input Jitter      (TIJ):    0.000ns
    Discrete Jitter          (DJ):    0.000ns
    Phase Error              (PE):    0.000ns

    Location             Delay type                Incr(ns)  Path(ns)    Netlist Resource(s)
  -------------------------------------------------------------------    -------------------
                         (clock clk_0 rise edge)      0.000     0.000 r  
    N14                                               0.000     0.000 r  clk (IN)
                         net (fo=0)                   0.000     0.000    clk
    N14                  IBUF (Prop_ibuf_I_O)         1.517     1.517 r  clk_IBUF_inst/O
                         net (fo=1, routed)           1.972     3.488    clk_IBUF
    BUFGCTRL_X0Y0        BUFG (Prop_bufg_I_O)         0.096     3.584 r  clk_IBUF_BUFG_inst/O
                         net (fo=652, routed)         1.551     5.135    game_datapath/regfile/clk_IBUF_BUFG
    SLICE_X53Y83         FDSE                                         r  game_datapath/regfile/D_current_colour_q_reg[1]/C
  -------------------------------------------------------------------    -------------------
    SLICE_X53Y83         FDSE (Prop_fdse_C_Q)         0.456     5.591 r  game_datapath/regfile/D_current_colour_q_reg[1]/Q
                         net (fo=5, routed)           1.325     6.916    game_datapath/regfile/D_current_colour_q_reg[1]_0[1]
    SLICE_X57Y76         LUT2 (Prop_lut2_I0_O)        0.152     7.068 r  game_datapath/regfile/show_blue_OBUF_inst_i_1/O
                         net (fo=1, routed)           2.805     9.873    show_blue_OBUF
    K2                   OBUF (Prop_obuf_I_O)         3.726    13.599 r  show_blue_OBUF_inst/O
                         net (fo=0)                   0.000    13.599    show_blue
    K2                                                                r  show_blue (OUT)
  -------------------------------------------------------------------    -------------------

Slack:                    inf
  Source:                 reset_cond/D_stage_q_reg[3]/C
                            (rising edge-triggered cell FDPE clocked by clk_0  {rise@0.000ns fall@50.000ns period=100.000ns})
  Destination:            io_led[1][6]
                            (output port)
  Path Group:             (none)
  Path Type:              Max at Slow Process Corner
  Data Path Delay:        8.446ns  (logic 4.145ns (49.074%)  route 4.301ns (50.926%))
  Logic Levels:           2  (LUT2=1 OBUF=1)
  Clock Uncertainty:      0.025ns  ((TSJ^2 + TIJ^2)^1/2 + DJ) / 2 + PE
    Total System Jitter     (TSJ):    0.050ns
    Total Input Jitter      (TIJ):    0.000ns
    Discrete Jitter          (DJ):    0.000ns
    Phase Error              (PE):    0.000ns

    Location             Delay type                Incr(ns)  Path(ns)    Netlist Resource(s)
  -------------------------------------------------------------------    -------------------
                         (clock clk_0 rise edge)      0.000     0.000 r  
    N14                                               0.000     0.000 r  clk (IN)
                         net (fo=0)                   0.000     0.000    clk
    N14                  IBUF (Prop_ibuf_I_O)         1.517     1.517 r  clk_IBUF_inst/O
                         net (fo=1, routed)           1.972     3.488    clk_IBUF
    BUFGCTRL_X0Y0        BUFG (Prop_bufg_I_O)         0.096     3.584 r  clk_IBUF_BUFG_inst/O
                         net (fo=652, routed)         1.550     5.134    reset_cond/CLK
    SLICE_X50Y82         FDPE                                         r  reset_cond/D_stage_q_reg[3]/C
  -------------------------------------------------------------------    -------------------
    SLICE_X50Y82         FDPE (Prop_fdpe_C_Q)         0.518     5.652 f  reset_cond/D_stage_q_reg[3]/Q
                         net (fo=530, routed)         1.819     7.471    game_datapath/gameStates/SR[0]
    SLICE_X56Y84         LUT2 (Prop_lut2_I1_O)        0.124     7.595 r  game_datapath/gameStates/io_led[1][6]_INST_0_i_1/O
                         net (fo=1, routed)           2.483    10.077    io_led[1]_OBUF[6]
    E6                   OBUF (Prop_obuf_I_O)         3.503    13.580 r  io_led[1][6]_INST_0/O
                         net (fo=0)                   0.000    13.580    io_led[1][6]
    E6                                                                r  io_led[1][6] (OUT)
  -------------------------------------------------------------------    -------------------

Slack:                    inf
  Source:                 game_datapath/regfile/D_current_colour_q_reg[1]/C
                            (rising edge-triggered cell FDSE clocked by clk_0  {rise@0.000ns fall@50.000ns period=100.000ns})
  Destination:            show_red
                            (output port)
  Path Group:             (none)
  Path Type:              Max at Slow Process Corner
  Data Path Delay:        8.177ns  (logic 4.335ns (53.011%)  route 3.842ns (46.989%))
  Logic Levels:           2  (LUT2=1 OBUF=1)
  Clock Uncertainty:      0.025ns  ((TSJ^2 + TIJ^2)^1/2 + DJ) / 2 + PE
    Total System Jitter     (TSJ):    0.050ns
    Total Input Jitter      (TIJ):    0.000ns
    Discrete Jitter          (DJ):    0.000ns
    Phase Error              (PE):    0.000ns

    Location             Delay type                Incr(ns)  Path(ns)    Netlist Resource(s)
  -------------------------------------------------------------------    -------------------
                         (clock clk_0 rise edge)      0.000     0.000 r  
    N14                                               0.000     0.000 r  clk (IN)
                         net (fo=0)                   0.000     0.000    clk
    N14                  IBUF (Prop_ibuf_I_O)         1.517     1.517 r  clk_IBUF_inst/O
                         net (fo=1, routed)           1.972     3.488    clk_IBUF
    BUFGCTRL_X0Y0        BUFG (Prop_bufg_I_O)         0.096     3.584 r  clk_IBUF_BUFG_inst/O
                         net (fo=652, routed)         1.551     5.135    game_datapath/regfile/clk_IBUF_BUFG
    SLICE_X53Y83         FDSE                                         r  game_datapath/regfile/D_current_colour_q_reg[1]/C
  -------------------------------------------------------------------    -------------------
    SLICE_X53Y83         FDSE (Prop_fdse_C_Q)         0.456     5.591 f  game_datapath/regfile/D_current_colour_q_reg[1]/Q
                         net (fo=5, routed)           1.320     6.911    game_datapath/regfile/D_current_colour_q_reg[1]_0[1]
    SLICE_X57Y76         LUT2 (Prop_lut2_I1_O)        0.150     7.061 r  game_datapath/regfile/show_red_OBUF_inst_i_1/O
                         net (fo=1, routed)           2.522     9.583    show_red_OBUF
    J4                   OBUF (Prop_obuf_I_O)         3.729    13.312 r  show_red_OBUF_inst/O
                         net (fo=0)                   0.000    13.312    show_red
    J4                                                                r  show_red (OUT)
  -------------------------------------------------------------------    -------------------

Slack:                    inf
  Source:                 reset_cond/D_stage_q_reg[3]/C
                            (rising edge-triggered cell FDPE clocked by clk_0  {rise@0.000ns fall@50.000ns period=100.000ns})
  Destination:            io_led[1][3]
                            (output port)
  Path Group:             (none)
  Path Type:              Max at Slow Process Corner
  Data Path Delay:        8.073ns  (logic 4.201ns (52.032%)  route 3.873ns (47.968%))
  Logic Levels:           2  (LUT2=1 OBUF=1)
  Clock Uncertainty:      0.025ns  ((TSJ^2 + TIJ^2)^1/2 + DJ) / 2 + PE
    Total System Jitter     (TSJ):    0.050ns
    Total Input Jitter      (TIJ):    0.000ns
    Discrete Jitter          (DJ):    0.000ns
    Phase Error              (PE):    0.000ns

    Location             Delay type                Incr(ns)  Path(ns)    Netlist Resource(s)
  -------------------------------------------------------------------    -------------------
                         (clock clk_0 rise edge)      0.000     0.000 r  
    N14                                               0.000     0.000 r  clk (IN)
                         net (fo=0)                   0.000     0.000    clk
    N14                  IBUF (Prop_ibuf_I_O)         1.517     1.517 r  clk_IBUF_inst/O
                         net (fo=1, routed)           1.972     3.488    clk_IBUF
    BUFGCTRL_X0Y0        BUFG (Prop_bufg_I_O)         0.096     3.584 r  clk_IBUF_BUFG_inst/O
                         net (fo=652, routed)         1.550     5.134    reset_cond/CLK
    SLICE_X50Y82         FDPE                                         r  reset_cond/D_stage_q_reg[3]/C
  -------------------------------------------------------------------    -------------------
    SLICE_X50Y82         FDPE (Prop_fdpe_C_Q)         0.518     5.652 f  reset_cond/D_stage_q_reg[3]/Q
                         net (fo=530, routed)         1.806     7.458    game_datapath/gameStates/SR[0]
    SLICE_X56Y82         LUT2 (Prop_lut2_I1_O)        0.124     7.582 r  game_datapath/gameStates/io_led[1][3]_INST_0_i_1/O
                         net (fo=1, routed)           2.066     9.649    io_led[1]_OBUF[3]
    A2                   OBUF (Prop_obuf_I_O)         3.559    13.207 r  io_led[1][3]_INST_0/O
                         net (fo=0)                   0.000    13.207    io_led[1][3]
    A2                                                                r  io_led[1][3] (OUT)
  -------------------------------------------------------------------    -------------------





Min Delay Paths
--------------------------------------------------------------------------------------
Slack:                    inf
  Source:                 game_datapath/gameStates/D_current_state_number_q_reg[1]/C
                            (rising edge-triggered cell FDRE clocked by clk_0  {rise@0.000ns fall@50.000ns period=100.000ns})
  Destination:            io_led[2][1]
                            (output port)
  Path Group:             (none)
  Path Type:              Min at Fast Process Corner
  Data Path Delay:        2.186ns  (logic 1.413ns (64.610%)  route 0.774ns (35.390%))
  Logic Levels:           2  (LUT2=1 OBUF=1)
  Clock Uncertainty:      0.025ns  ((TSJ^2 + TIJ^2)^1/2 + DJ) / 2 + PE
    Total System Jitter     (TSJ):    0.050ns
    Total Input Jitter      (TIJ):    0.000ns
    Discrete Jitter          (DJ):    0.000ns
    Phase Error              (PE):    0.000ns

    Location             Delay type                Incr(ns)  Path(ns)    Netlist Resource(s)
  -------------------------------------------------------------------    -------------------
                         (clock clk_0 rise edge)      0.000     0.000 r  
    N14                                               0.000     0.000 r  clk (IN)
                         net (fo=0)                   0.000     0.000    clk
    N14                  IBUF (Prop_ibuf_I_O)         0.284     0.284 r  clk_IBUF_inst/O
                         net (fo=1, routed)           0.634     0.918    clk_IBUF
    BUFGCTRL_X0Y0        BUFG (Prop_bufg_I_O)         0.026     0.944 r  clk_IBUF_BUFG_inst/O
                         net (fo=652, routed)         0.586     1.530    game_datapath/gameStates/clk_IBUF_BUFG
    SLICE_X58Y82         FDRE                                         r  game_datapath/gameStates/D_current_state_number_q_reg[1]/C
  -------------------------------------------------------------------    -------------------
    SLICE_X58Y82         FDRE (Prop_fdre_C_Q)         0.141     1.671 r  game_datapath/gameStates/D_current_state_number_q_reg[1]/Q
                         net (fo=1, routed)           0.162     1.832    game_datapath/gameStates/D_current_state_number_q[1]
    SLICE_X58Y82         LUT2 (Prop_lut2_I0_O)        0.045     1.877 r  game_datapath/gameStates/io_led[2][1]_INST_0_i_1/O
                         net (fo=1, routed)           0.612     2.490    io_led[2]_OBUF[1]
    G1                   OBUF (Prop_obuf_I_O)         1.227     3.716 r  io_led[2][1]_INST_0/O
                         net (fo=0)                   0.000     3.716    io_led[2][1]
    G1                                                                r  io_led[2][1] (OUT)
  -------------------------------------------------------------------    -------------------

Slack:                    inf
  Source:                 game_datapath/gameStates/D_p1_current_lives_q_reg[0]/C
                            (rising edge-triggered cell FDRE clocked by clk_0  {rise@0.000ns fall@50.000ns period=100.000ns})
  Destination:            io_led[1][5]
                            (output port)
  Path Group:             (none)
  Path Type:              Min at Fast Process Corner
  Data Path Delay:        2.219ns  (logic 1.440ns (64.903%)  route 0.779ns (35.097%))
  Logic Levels:           2  (LUT2=1 OBUF=1)
  Clock Uncertainty:      0.025ns  ((TSJ^2 + TIJ^2)^1/2 + DJ) / 2 + PE
    Total System Jitter     (TSJ):    0.050ns
    Total Input Jitter      (TIJ):    0.000ns
    Discrete Jitter          (DJ):    0.000ns
    Phase Error              (PE):    0.000ns

    Location             Delay type                Incr(ns)  Path(ns)    Netlist Resource(s)
  -------------------------------------------------------------------    -------------------
                         (clock clk_0 rise edge)      0.000     0.000 r  
    N14                                               0.000     0.000 r  clk (IN)
                         net (fo=0)                   0.000     0.000    clk
    N14                  IBUF (Prop_ibuf_I_O)         0.284     0.284 r  clk_IBUF_inst/O
                         net (fo=1, routed)           0.634     0.918    clk_IBUF
    BUFGCTRL_X0Y0        BUFG (Prop_bufg_I_O)         0.026     0.944 r  clk_IBUF_BUFG_inst/O
                         net (fo=652, routed)         0.562     1.506    game_datapath/gameStates/clk_IBUF_BUFG
    SLICE_X57Y84         FDRE                                         r  game_datapath/gameStates/D_p1_current_lives_q_reg[0]/C
  -------------------------------------------------------------------    -------------------
    SLICE_X57Y84         FDRE (Prop_fdre_C_Q)         0.141     1.647 r  game_datapath/gameStates/D_p1_current_lives_q_reg[0]/Q
                         net (fo=2, routed)           0.277     1.924    game_datapath/gameStates/D_p1_current_lives_q[0]
    SLICE_X57Y82         LUT2 (Prop_lut2_I0_O)        0.045     1.969 r  game_datapath/gameStates/io_led[1][5]_INST_0_i_1/O
                         net (fo=1, routed)           0.502     2.470    io_led[1]_OBUF[5]
    D1                   OBUF (Prop_obuf_I_O)         1.254     3.724 r  io_led[1][5]_INST_0/O
                         net (fo=0)                   0.000     3.724    io_led[1][5]
    D1                                                                r  io_led[1][5] (OUT)
  -------------------------------------------------------------------    -------------------

Slack:                    inf
  Source:                 game_datapath/gameStates/D_current_state_number_q_reg[0]/C
                            (rising edge-triggered cell FDRE clocked by clk_0  {rise@0.000ns fall@50.000ns period=100.000ns})
  Destination:            io_led[2][0]
                            (output port)
  Path Group:             (none)
  Path Type:              Min at Fast Process Corner
  Data Path Delay:        2.376ns  (logic 1.477ns (62.155%)  route 0.899ns (37.845%))
  Logic Levels:           2  (LUT2=1 OBUF=1)
  Clock Uncertainty:      0.025ns  ((TSJ^2 + TIJ^2)^1/2 + DJ) / 2 + PE
    Total System Jitter     (TSJ):    0.050ns
    Total Input Jitter      (TIJ):    0.000ns
    Discrete Jitter          (DJ):    0.000ns
    Phase Error              (PE):    0.000ns

    Location             Delay type                Incr(ns)  Path(ns)    Netlist Resource(s)
  -------------------------------------------------------------------    -------------------
                         (clock clk_0 rise edge)      0.000     0.000 r  
    N14                                               0.000     0.000 r  clk (IN)
                         net (fo=0)                   0.000     0.000    clk
    N14                  IBUF (Prop_ibuf_I_O)         0.284     0.284 r  clk_IBUF_inst/O
                         net (fo=1, routed)           0.634     0.918    clk_IBUF
    BUFGCTRL_X0Y0        BUFG (Prop_bufg_I_O)         0.026     0.944 r  clk_IBUF_BUFG_inst/O
                         net (fo=652, routed)         0.560     1.504    game_datapath/gameStates/clk_IBUF_BUFG
    SLICE_X57Y82         FDRE                                         r  game_datapath/gameStates/D_current_state_number_q_reg[0]/C
  -------------------------------------------------------------------    -------------------
    SLICE_X57Y82         FDRE (Prop_fdre_C_Q)         0.141     1.645 r  game_datapath/gameStates/D_current_state_number_q_reg[0]/Q
                         net (fo=1, routed)           0.222     1.867    game_datapath/gameStates/D_current_state_number_q[0]
    SLICE_X57Y75         LUT2 (Prop_lut2_I0_O)        0.048     1.915 r  game_datapath/gameStates/io_led[2][0]_INST_0_i_1/O
                         net (fo=1, routed)           0.677     2.592    io_led[2]_OBUF[0]
    G2                   OBUF (Prop_obuf_I_O)         1.288     3.880 r  io_led[2][0]_INST_0/O
                         net (fo=0)                   0.000     3.880    io_led[2][0]
    G2                                                                r  io_led[2][0] (OUT)
  -------------------------------------------------------------------    -------------------

Slack:                    inf
  Source:                 game_datapath/gameStates/D_is_player_2_correct_q_reg/C
                            (rising edge-triggered cell FDRE clocked by clk_0  {rise@0.000ns fall@50.000ns period=100.000ns})
  Destination:            io_led[1][3]
                            (output port)
  Path Group:             (none)
  Path Type:              Min at Fast Process Corner
  Data Path Delay:        2.406ns  (logic 1.468ns (61.014%)  route 0.938ns (38.986%))
  Logic Levels:           2  (LUT2=1 OBUF=1)
  Clock Uncertainty:      0.025ns  ((TSJ^2 + TIJ^2)^1/2 + DJ) / 2 + PE
    Total System Jitter     (TSJ):    0.050ns
    Total Input Jitter      (TIJ):    0.000ns
    Discrete Jitter          (DJ):    0.000ns
    Phase Error              (PE):    0.000ns

    Location             Delay type                Incr(ns)  Path(ns)    Netlist Resource(s)
  -------------------------------------------------------------------    -------------------
                         (clock clk_0 rise edge)      0.000     0.000 r  
    N14                                               0.000     0.000 r  clk (IN)
                         net (fo=0)                   0.000     0.000    clk
    N14                  IBUF (Prop_ibuf_I_O)         0.284     0.284 r  clk_IBUF_inst/O
                         net (fo=1, routed)           0.634     0.918    clk_IBUF
    BUFGCTRL_X0Y0        BUFG (Prop_bufg_I_O)         0.026     0.944 r  clk_IBUF_BUFG_inst/O
                         net (fo=652, routed)         0.560     1.504    game_datapath/gameStates/clk_IBUF_BUFG
    SLICE_X56Y82         FDRE                                         r  game_datapath/gameStates/D_is_player_2_correct_q_reg/C
  -------------------------------------------------------------------    -------------------
    SLICE_X56Y82         FDRE (Prop_fdre_C_Q)         0.164     1.668 r  game_datapath/gameStates/D_is_player_2_correct_q_reg/Q
                         net (fo=2, routed)           0.414     2.081    game_datapath/gameStates/D_is_player_2_correct_q
    SLICE_X56Y82         LUT2 (Prop_lut2_I0_O)        0.045     2.126 r  game_datapath/gameStates/io_led[1][3]_INST_0_i_1/O
                         net (fo=1, routed)           0.524     2.651    io_led[1]_OBUF[3]
    A2                   OBUF (Prop_obuf_I_O)         1.259     3.910 r  io_led[1][3]_INST_0/O
                         net (fo=0)                   0.000     3.910    io_led[1][3]
    A2                                                                r  io_led[1][3] (OUT)
  -------------------------------------------------------------------    -------------------

Slack:                    inf
  Source:                 game_datapath/gameStates/D_p1_current_lives_q_reg[1]/C
                            (rising edge-triggered cell FDRE clocked by clk_0  {rise@0.000ns fall@50.000ns period=100.000ns})
  Destination:            io_led[1][6]
                            (output port)
  Path Group:             (none)
  Path Type:              Min at Fast Process Corner
  Data Path Delay:        2.406ns  (logic 1.413ns (58.729%)  route 0.993ns (41.271%))
  Logic Levels:           2  (LUT2=1 OBUF=1)
  Clock Uncertainty:      0.025ns  ((TSJ^2 + TIJ^2)^1/2 + DJ) / 2 + PE
    Total System Jitter     (TSJ):    0.050ns
    Total Input Jitter      (TIJ):    0.000ns
    Discrete Jitter          (DJ):    0.000ns
    Phase Error              (PE):    0.000ns

    Location             Delay type                Incr(ns)  Path(ns)    Netlist Resource(s)
  -------------------------------------------------------------------    -------------------
                         (clock clk_0 rise edge)      0.000     0.000 r  
    N14                                               0.000     0.000 r  clk (IN)
                         net (fo=0)                   0.000     0.000    clk
    N14                  IBUF (Prop_ibuf_I_O)         0.284     0.284 r  clk_IBUF_inst/O
                         net (fo=1, routed)           0.634     0.918    clk_IBUF
    BUFGCTRL_X0Y0        BUFG (Prop_bufg_I_O)         0.026     0.944 r  clk_IBUF_BUFG_inst/O
                         net (fo=652, routed)         0.562     1.506    game_datapath/gameStates/clk_IBUF_BUFG
    SLICE_X56Y84         FDRE                                         r  game_datapath/gameStates/D_p1_current_lives_q_reg[1]/C
  -------------------------------------------------------------------    -------------------
    SLICE_X56Y84         FDRE (Prop_fdre_C_Q)         0.164     1.670 r  game_datapath/gameStates/D_p1_current_lives_q_reg[1]/Q
                         net (fo=2, routed)           0.286     1.956    game_datapath/gameStates/D_p1_current_lives_q[1]
    SLICE_X56Y84         LUT2 (Prop_lut2_I0_O)        0.045     2.001 r  game_datapath/gameStates/io_led[1][6]_INST_0_i_1/O
                         net (fo=1, routed)           0.707     2.708    io_led[1]_OBUF[6]
    E6                   OBUF (Prop_obuf_I_O)         1.204     3.912 r  io_led[1][6]_INST_0/O
                         net (fo=0)                   0.000     3.912    io_led[1][6]
    E6                                                                r  io_led[1][6] (OUT)
  -------------------------------------------------------------------    -------------------

Slack:                    inf
  Source:                 game_datapath/regfile/D_current_colour_q_reg[0]/C
                            (rising edge-triggered cell FDSE clocked by clk_0  {rise@0.000ns fall@50.000ns period=100.000ns})
  Destination:            show_green
                            (output port)
  Path Group:             (none)
  Path Type:              Min at Fast Process Corner
  Data Path Delay:        2.421ns  (logic 1.417ns (58.508%)  route 1.005ns (41.492%))
  Logic Levels:           2  (LUT2=1 OBUF=1)
  Clock Uncertainty:      0.025ns  ((TSJ^2 + TIJ^2)^1/2 + DJ) / 2 + PE
    Total System Jitter     (TSJ):    0.050ns
    Total Input Jitter      (TIJ):    0.000ns
    Discrete Jitter          (DJ):    0.000ns
    Phase Error              (PE):    0.000ns

    Location             Delay type                Incr(ns)  Path(ns)    Netlist Resource(s)
  -------------------------------------------------------------------    -------------------
                         (clock clk_0 rise edge)      0.000     0.000 r  
    N14                                               0.000     0.000 r  clk (IN)
                         net (fo=0)                   0.000     0.000    clk
    N14                  IBUF (Prop_ibuf_I_O)         0.284     0.284 r  clk_IBUF_inst/O
                         net (fo=1, routed)           0.634     0.918    clk_IBUF
    BUFGCTRL_X0Y0        BUFG (Prop_bufg_I_O)         0.026     0.944 r  clk_IBUF_BUFG_inst/O
                         net (fo=652, routed)         0.559     1.503    game_datapath/regfile/clk_IBUF_BUFG
    SLICE_X53Y83         FDSE                                         r  game_datapath/regfile/D_current_colour_q_reg[0]/C
  -------------------------------------------------------------------    -------------------
    SLICE_X53Y83         FDSE (Prop_fdse_C_Q)         0.141     1.644 r  game_datapath/regfile/D_current_colour_q_reg[0]/Q
                         net (fo=5, routed)           0.320     1.964    game_datapath/regfile/D_current_colour_q_reg[1]_0[0]
    SLICE_X57Y76         LUT2 (Prop_lut2_I0_O)        0.045     2.009 r  game_datapath/regfile/show_green_OBUF_inst_i_1/O
                         net (fo=1, routed)           0.684     2.693    show_green_OBUF
    J5                   OBUF (Prop_obuf_I_O)         1.231     3.924 r  show_green_OBUF_inst/O
                         net (fo=0)                   0.000     3.924    show_green
    J5                                                                r  show_green (OUT)
  -------------------------------------------------------------------    -------------------

Slack:                    inf
  Source:                 game_datapath/gameStates/D_current_state_number_q_reg[2]/C
                            (rising edge-triggered cell FDRE clocked by clk_0  {rise@0.000ns fall@50.000ns period=100.000ns})
  Destination:            io_led[2][2]
                            (output port)
  Path Group:             (none)
  Path Type:              Min at Fast Process Corner
  Data Path Delay:        2.463ns  (logic 1.520ns (61.734%)  route 0.942ns (38.266%))
  Logic Levels:           2  (LUT2=1 OBUF=1)
  Clock Uncertainty:      0.025ns  ((TSJ^2 + TIJ^2)^1/2 + DJ) / 2 + PE
    Total System Jitter     (TSJ):    0.050ns
    Total Input Jitter      (TIJ):    0.000ns
    Discrete Jitter          (DJ):    0.000ns
    Phase Error              (PE):    0.000ns

    Location             Delay type                Incr(ns)  Path(ns)    Netlist Resource(s)
  -------------------------------------------------------------------    -------------------
                         (clock clk_0 rise edge)      0.000     0.000 r  
    N14                                               0.000     0.000 r  clk (IN)
                         net (fo=0)                   0.000     0.000    clk
    N14                  IBUF (Prop_ibuf_I_O)         0.284     0.284 r  clk_IBUF_inst/O
                         net (fo=1, routed)           0.634     0.918    clk_IBUF
    BUFGCTRL_X0Y0        BUFG (Prop_bufg_I_O)         0.026     0.944 r  clk_IBUF_BUFG_inst/O
                         net (fo=652, routed)         0.586     1.530    game_datapath/gameStates/clk_IBUF_BUFG
    SLICE_X58Y82         FDRE                                         r  game_datapath/gameStates/D_current_state_number_q_reg[2]/C
  -------------------------------------------------------------------    -------------------
    SLICE_X58Y82         FDRE (Prop_fdre_C_Q)         0.128     1.658 r  game_datapath/gameStates/D_current_state_number_q_reg[2]/Q
                         net (fo=1, routed)           0.159     1.816    game_datapath/gameStates/D_current_state_number_q[2]
    SLICE_X58Y82         LUT2 (Prop_lut2_I0_O)        0.103     1.919 r  game_datapath/gameStates/io_led[2][2]_INST_0_i_1/O
                         net (fo=1, routed)           0.784     2.703    io_led[2]_OBUF[2]
    H2                   OBUF (Prop_obuf_I_O)         1.289     3.992 r  io_led[2][2]_INST_0/O
                         net (fo=0)                   0.000     3.992    io_led[2][2]
    H2                                                                r  io_led[2][2] (OUT)
  -------------------------------------------------------------------    -------------------

Slack:                    inf
  Source:                 game_datapath/regfile/D_current_colour_q_reg[0]/C
                            (rising edge-triggered cell FDSE clocked by clk_0  {rise@0.000ns fall@50.000ns period=100.000ns})
  Destination:            show_red
                            (output port)
  Path Group:             (none)
  Path Type:              Min at Fast Process Corner
  Data Path Delay:        2.540ns  (logic 1.479ns (58.210%)  route 1.062ns (41.790%))
  Logic Levels:           2  (LUT2=1 OBUF=1)
  Clock Uncertainty:      0.025ns  ((TSJ^2 + TIJ^2)^1/2 + DJ) / 2 + PE
    Total System Jitter     (TSJ):    0.050ns
    Total Input Jitter      (TIJ):    0.000ns
    Discrete Jitter          (DJ):    0.000ns
    Phase Error              (PE):    0.000ns

    Location             Delay type                Incr(ns)  Path(ns)    Netlist Resource(s)
  -------------------------------------------------------------------    -------------------
                         (clock clk_0 rise edge)      0.000     0.000 r  
    N14                                               0.000     0.000 r  clk (IN)
                         net (fo=0)                   0.000     0.000    clk
    N14                  IBUF (Prop_ibuf_I_O)         0.284     0.284 r  clk_IBUF_inst/O
                         net (fo=1, routed)           0.634     0.918    clk_IBUF
    BUFGCTRL_X0Y0        BUFG (Prop_bufg_I_O)         0.026     0.944 r  clk_IBUF_BUFG_inst/O
                         net (fo=652, routed)         0.559     1.503    game_datapath/regfile/clk_IBUF_BUFG
    SLICE_X53Y83         FDSE                                         r  game_datapath/regfile/D_current_colour_q_reg[0]/C
  -------------------------------------------------------------------    -------------------
    SLICE_X53Y83         FDSE (Prop_fdse_C_Q)         0.141     1.644 f  game_datapath/regfile/D_current_colour_q_reg[0]/Q
                         net (fo=5, routed)           0.320     1.964    game_datapath/regfile/D_current_colour_q_reg[1]_0[0]
    SLICE_X57Y76         LUT2 (Prop_lut2_I0_O)        0.048     2.012 r  game_datapath/regfile/show_red_OBUF_inst_i_1/O
                         net (fo=1, routed)           0.741     2.753    show_red_OBUF
    J4                   OBUF (Prop_obuf_I_O)         1.290     4.043 r  show_red_OBUF_inst/O
                         net (fo=0)                   0.000     4.043    show_red
    J4                                                                r  show_red (OUT)
  -------------------------------------------------------------------    -------------------

Slack:                    inf
  Source:                 game_datapath/gameStates/D_p1_current_lives_q_reg[2]/C
                            (rising edge-triggered cell FDRE clocked by clk_0  {rise@0.000ns fall@50.000ns period=100.000ns})
  Destination:            io_led[1][7]
                            (output port)
  Path Group:             (none)
  Path Type:              Min at Fast Process Corner
  Data Path Delay:        2.671ns  (logic 1.477ns (55.297%)  route 1.194ns (44.703%))
  Logic Levels:           2  (LUT2=1 OBUF=1)
  Clock Uncertainty:      0.025ns  ((TSJ^2 + TIJ^2)^1/2 + DJ) / 2 + PE
    Total System Jitter     (TSJ):    0.050ns
    Total Input Jitter      (TIJ):    0.000ns
    Discrete Jitter          (DJ):    0.000ns
    Phase Error              (PE):    0.000ns

    Location             Delay type                Incr(ns)  Path(ns)    Netlist Resource(s)
  -------------------------------------------------------------------    -------------------
                         (clock clk_0 rise edge)      0.000     0.000 r  
    N14                                               0.000     0.000 r  clk (IN)
                         net (fo=0)                   0.000     0.000    clk
    N14                  IBUF (Prop_ibuf_I_O)         0.284     0.284 r  clk_IBUF_inst/O
                         net (fo=1, routed)           0.634     0.918    clk_IBUF
    BUFGCTRL_X0Y0        BUFG (Prop_bufg_I_O)         0.026     0.944 r  clk_IBUF_BUFG_inst/O
                         net (fo=652, routed)         0.562     1.506    game_datapath/gameStates/clk_IBUF_BUFG
    SLICE_X56Y84         FDRE                                         r  game_datapath/gameStates/D_p1_current_lives_q_reg[2]/C
  -------------------------------------------------------------------    -------------------
    SLICE_X56Y84         FDRE (Prop_fdre_C_Q)         0.164     1.670 r  game_datapath/gameStates/D_p1_current_lives_q_reg[2]/Q
                         net (fo=2, routed)           0.233     1.903    game_datapath/gameStates/D_p1_current_lives_q[2]
    SLICE_X56Y84         LUT2 (Prop_lut2_I0_O)        0.043     1.946 r  game_datapath/gameStates/io_led[1][7]_INST_0_i_1/O
                         net (fo=1, routed)           0.960     2.907    io_led[1]_OBUF[7]
    K5                   OBUF (Prop_obuf_I_O)         1.270     4.176 r  io_led[1][7]_INST_0/O
                         net (fo=0)                   0.000     4.176    io_led[1][7]
    K5                                                                r  io_led[1][7] (OUT)
  -------------------------------------------------------------------    -------------------

Slack:                    inf
  Source:                 game_datapath/regfile/D_current_colour_q_reg[0]/C
                            (rising edge-triggered cell FDSE clocked by clk_0  {rise@0.000ns fall@50.000ns period=100.000ns})
  Destination:            show_blue
                            (output port)
  Path Group:             (none)
  Path Type:              Min at Fast Process Corner
  Data Path Delay:        2.675ns  (logic 1.476ns (55.187%)  route 1.199ns (44.813%))
  Logic Levels:           2  (LUT2=1 OBUF=1)
  Clock Uncertainty:      0.025ns  ((TSJ^2 + TIJ^2)^1/2 + DJ) / 2 + PE
    Total System Jitter     (TSJ):    0.050ns
    Total Input Jitter      (TIJ):    0.000ns
    Discrete Jitter          (DJ):    0.000ns
    Phase Error              (PE):    0.000ns

    Location             Delay type                Incr(ns)  Path(ns)    Netlist Resource(s)
  -------------------------------------------------------------------    -------------------
                         (clock clk_0 rise edge)      0.000     0.000 r  
    N14                                               0.000     0.000 r  clk (IN)
                         net (fo=0)                   0.000     0.000    clk
    N14                  IBUF (Prop_ibuf_I_O)         0.284     0.284 r  clk_IBUF_inst/O
                         net (fo=1, routed)           0.634     0.918    clk_IBUF
    BUFGCTRL_X0Y0        BUFG (Prop_bufg_I_O)         0.026     0.944 r  clk_IBUF_BUFG_inst/O
                         net (fo=652, routed)         0.559     1.503    game_datapath/regfile/clk_IBUF_BUFG
    SLICE_X53Y83         FDSE                                         r  game_datapath/regfile/D_current_colour_q_reg[0]/C
  -------------------------------------------------------------------    -------------------
    SLICE_X53Y83         FDSE (Prop_fdse_C_Q)         0.141     1.644 f  game_datapath/regfile/D_current_colour_q_reg[0]/Q
                         net (fo=5, routed)           0.321     1.965    game_datapath/regfile/D_current_colour_q_reg[1]_0[0]
    SLICE_X57Y76         LUT2 (Prop_lut2_I1_O)        0.049     2.014 r  game_datapath/regfile/show_blue_OBUF_inst_i_1/O
                         net (fo=1, routed)           0.878     2.892    show_blue_OBUF
    K2                   OBUF (Prop_obuf_I_O)         1.286     4.178 r  show_blue_OBUF_inst/O
                         net (fo=0)                   0.000     4.178    show_blue
    K2                                                                r  show_blue (OUT)
  -------------------------------------------------------------------    -------------------





--------------------------------------------------------------------------------------
Path Group:  (none)
From Clock:  
  To Clock:  clk_0

Max Delay            12 Endpoints
Min Delay            12 Endpoints
--------------------------------------------------------------------------------------


Max Delay Paths
--------------------------------------------------------------------------------------
Slack:                    inf
  Source:                 rst_n
                            (input port)
  Destination:            reset_cond/D_stage_q_reg[0]/PRE
                            (recovery check against rising-edge clock clk_0  {rise@0.000ns fall@50.000ns period=100.000ns})
  Path Group:             (none)
  Path Type:              Recovery (Max at Slow Process Corner)
  Data Path Delay:        7.437ns  (logic 1.634ns (21.970%)  route 5.803ns (78.030%))
  Logic Levels:           2  (IBUF=1 LUT1=1)
  Clock Path Skew:        4.838ns (DCD - SCD + CPR)
    Destination Clock Delay (DCD):    4.838ns
    Source Clock Delay      (SCD):    0.000ns
    Clock Pessimism Removal (CPR):    0.000ns
  Clock Uncertainty:      0.025ns  ((TSJ^2 + TIJ^2)^1/2 + DJ) / 2 + PE
    Total System Jitter     (TSJ):    0.050ns
    Total Input Jitter      (TIJ):    0.000ns
    Discrete Jitter          (DJ):    0.000ns
    Phase Error              (PE):    0.000ns
  Timing Exception:       Asynchronous Clock Groups

    Location             Delay type                Incr(ns)  Path(ns)    Netlist Resource(s)
  -------------------------------------------------------------------    -------------------
    P6                                                0.000     0.000 r  rst_n (IN)
                         net (fo=0)                   0.000     0.000    rst_n
    P6                   IBUF (Prop_ibuf_I_O)         1.510     1.510 r  rst_n_IBUF_inst/O
                         net (fo=1, routed)           5.262     6.772    reset_cond/rst_n_IBUF
    SLICE_X52Y82         LUT1 (Prop_lut1_I0_O)        0.124     6.896 f  reset_cond/D_stage_q[3]_i_1/O
                         net (fo=4, routed)           0.541     7.437    reset_cond/M_reset_cond_in
    SLICE_X52Y82         FDPE                                         f  reset_cond/D_stage_q_reg[0]/PRE
  -------------------------------------------------------------------    -------------------

                         (clock clk_0 rise edge)      0.000     0.000 r  
    N14                                               0.000     0.000 r  clk (IN)
                         net (fo=0)                   0.000     0.000    clk
    N14                  IBUF (Prop_ibuf_I_O)         1.446     1.446 r  clk_IBUF_inst/O
                         net (fo=1, routed)           1.868     3.314    clk_IBUF
    BUFGCTRL_X0Y0        BUFG (Prop_bufg_I_O)         0.091     3.405 r  clk_IBUF_BUFG_inst/O
                         net (fo=652, routed)         1.434     4.838    reset_cond/CLK
    SLICE_X52Y82         FDPE                                         r  reset_cond/D_stage_q_reg[0]/C

Slack:                    inf
  Source:                 rst_n
                            (input port)
  Destination:            reset_cond/D_stage_q_reg[1]/PRE
                            (recovery check against rising-edge clock clk_0  {rise@0.000ns fall@50.000ns period=100.000ns})
  Path Group:             (none)
  Path Type:              Recovery (Max at Slow Process Corner)
  Data Path Delay:        7.437ns  (logic 1.634ns (21.970%)  route 5.803ns (78.030%))
  Logic Levels:           2  (IBUF=1 LUT1=1)
  Clock Path Skew:        4.838ns (DCD - SCD + CPR)
    Destination Clock Delay (DCD):    4.838ns
    Source Clock Delay      (SCD):    0.000ns
    Clock Pessimism Removal (CPR):    0.000ns
  Clock Uncertainty:      0.025ns  ((TSJ^2 + TIJ^2)^1/2 + DJ) / 2 + PE
    Total System Jitter     (TSJ):    0.050ns
    Total Input Jitter      (TIJ):    0.000ns
    Discrete Jitter          (DJ):    0.000ns
    Phase Error              (PE):    0.000ns
  Timing Exception:       Asynchronous Clock Groups

    Location             Delay type                Incr(ns)  Path(ns)    Netlist Resource(s)
  -------------------------------------------------------------------    -------------------
    P6                                                0.000     0.000 r  rst_n (IN)
                         net (fo=0)                   0.000     0.000    rst_n
    P6                   IBUF (Prop_ibuf_I_O)         1.510     1.510 r  rst_n_IBUF_inst/O
                         net (fo=1, routed)           5.262     6.772    reset_cond/rst_n_IBUF
    SLICE_X52Y82         LUT1 (Prop_lut1_I0_O)        0.124     6.896 f  reset_cond/D_stage_q[3]_i_1/O
                         net (fo=4, routed)           0.541     7.437    reset_cond/M_reset_cond_in
    SLICE_X52Y82         FDPE                                         f  reset_cond/D_stage_q_reg[1]/PRE
  -------------------------------------------------------------------    -------------------

                         (clock clk_0 rise edge)      0.000     0.000 r  
    N14                                               0.000     0.000 r  clk (IN)
                         net (fo=0)                   0.000     0.000    clk
    N14                  IBUF (Prop_ibuf_I_O)         1.446     1.446 r  clk_IBUF_inst/O
                         net (fo=1, routed)           1.868     3.314    clk_IBUF
    BUFGCTRL_X0Y0        BUFG (Prop_bufg_I_O)         0.091     3.405 r  clk_IBUF_BUFG_inst/O
                         net (fo=652, routed)         1.434     4.838    reset_cond/CLK
    SLICE_X52Y82         FDPE                                         r  reset_cond/D_stage_q_reg[1]/C

Slack:                    inf
  Source:                 rst_n
                            (input port)
  Destination:            reset_cond/D_stage_q_reg[2]/PRE
                            (recovery check against rising-edge clock clk_0  {rise@0.000ns fall@50.000ns period=100.000ns})
  Path Group:             (none)
  Path Type:              Recovery (Max at Slow Process Corner)
  Data Path Delay:        7.437ns  (logic 1.634ns (21.970%)  route 5.803ns (78.030%))
  Logic Levels:           2  (IBUF=1 LUT1=1)
  Clock Path Skew:        4.838ns (DCD - SCD + CPR)
    Destination Clock Delay (DCD):    4.838ns
    Source Clock Delay      (SCD):    0.000ns
    Clock Pessimism Removal (CPR):    0.000ns
  Clock Uncertainty:      0.025ns  ((TSJ^2 + TIJ^2)^1/2 + DJ) / 2 + PE
    Total System Jitter     (TSJ):    0.050ns
    Total Input Jitter      (TIJ):    0.000ns
    Discrete Jitter          (DJ):    0.000ns
    Phase Error              (PE):    0.000ns
  Timing Exception:       Asynchronous Clock Groups

    Location             Delay type                Incr(ns)  Path(ns)    Netlist Resource(s)
  -------------------------------------------------------------------    -------------------
    P6                                                0.000     0.000 r  rst_n (IN)
                         net (fo=0)                   0.000     0.000    rst_n
    P6                   IBUF (Prop_ibuf_I_O)         1.510     1.510 r  rst_n_IBUF_inst/O
                         net (fo=1, routed)           5.262     6.772    reset_cond/rst_n_IBUF
    SLICE_X52Y82         LUT1 (Prop_lut1_I0_O)        0.124     6.896 f  reset_cond/D_stage_q[3]_i_1/O
                         net (fo=4, routed)           0.541     7.437    reset_cond/M_reset_cond_in
    SLICE_X52Y82         FDPE                                         f  reset_cond/D_stage_q_reg[2]/PRE
  -------------------------------------------------------------------    -------------------

                         (clock clk_0 rise edge)      0.000     0.000 r  
    N14                                               0.000     0.000 r  clk (IN)
                         net (fo=0)                   0.000     0.000    clk
    N14                  IBUF (Prop_ibuf_I_O)         1.446     1.446 r  clk_IBUF_inst/O
                         net (fo=1, routed)           1.868     3.314    clk_IBUF
    BUFGCTRL_X0Y0        BUFG (Prop_bufg_I_O)         0.091     3.405 r  clk_IBUF_BUFG_inst/O
                         net (fo=652, routed)         1.434     4.838    reset_cond/CLK
    SLICE_X52Y82         FDPE                                         r  reset_cond/D_stage_q_reg[2]/C

Slack:                    inf
  Source:                 rst_n
                            (input port)
  Destination:            reset_cond/D_stage_q_reg[3]/PRE
                            (recovery check against rising-edge clock clk_0  {rise@0.000ns fall@50.000ns period=100.000ns})
  Path Group:             (none)
  Path Type:              Recovery (Max at Slow Process Corner)
  Data Path Delay:        7.430ns  (logic 1.634ns (21.990%)  route 5.796ns (78.010%))
  Logic Levels:           2  (IBUF=1 LUT1=1)
  Clock Path Skew:        4.838ns (DCD - SCD + CPR)
    Destination Clock Delay (DCD):    4.838ns
    Source Clock Delay      (SCD):    0.000ns
    Clock Pessimism Removal (CPR):    0.000ns
  Clock Uncertainty:      0.025ns  ((TSJ^2 + TIJ^2)^1/2 + DJ) / 2 + PE
    Total System Jitter     (TSJ):    0.050ns
    Total Input Jitter      (TIJ):    0.000ns
    Discrete Jitter          (DJ):    0.000ns
    Phase Error              (PE):    0.000ns
  Timing Exception:       Asynchronous Clock Groups

    Location             Delay type                Incr(ns)  Path(ns)    Netlist Resource(s)
  -------------------------------------------------------------------    -------------------
    P6                                                0.000     0.000 r  rst_n (IN)
                         net (fo=0)                   0.000     0.000    rst_n
    P6                   IBUF (Prop_ibuf_I_O)         1.510     1.510 r  rst_n_IBUF_inst/O
                         net (fo=1, routed)           5.262     6.772    reset_cond/rst_n_IBUF
    SLICE_X52Y82         LUT1 (Prop_lut1_I0_O)        0.124     6.896 f  reset_cond/D_stage_q[3]_i_1/O
                         net (fo=4, routed)           0.534     7.430    reset_cond/M_reset_cond_in
    SLICE_X50Y82         FDPE                                         f  reset_cond/D_stage_q_reg[3]/PRE
  -------------------------------------------------------------------    -------------------

                         (clock clk_0 rise edge)      0.000     0.000 r  
    N14                                               0.000     0.000 r  clk (IN)
                         net (fo=0)                   0.000     0.000    clk
    N14                  IBUF (Prop_ibuf_I_O)         1.446     1.446 r  clk_IBUF_inst/O
                         net (fo=1, routed)           1.868     3.314    clk_IBUF
    BUFGCTRL_X0Y0        BUFG (Prop_bufg_I_O)         0.091     3.405 r  clk_IBUF_BUFG_inst/O
                         net (fo=652, routed)         1.434     4.838    reset_cond/CLK
    SLICE_X50Y82         FDPE                                         r  reset_cond/D_stage_q_reg[3]/C

Slack:                    inf
  Source:                 io_button[4]
                            (input port)
  Destination:            game_datapath/gameStates/forLoop_idx_0_1380194573[4].io_button_cond/sync/D_pipe_q_reg[0]/D
                            (rising edge-triggered cell FDRE clocked by clk_0  {rise@0.000ns fall@50.000ns period=100.000ns})
  Path Group:             (none)
  Path Type:              Setup (Max at Slow Process Corner)
  Data Path Delay:        6.110ns  (logic 1.529ns (25.027%)  route 4.581ns (74.973%))
  Logic Levels:           1  (IBUF=1)
  Clock Path Skew:        4.911ns (DCD - SCD + CPR)
    Destination Clock Delay (DCD):    4.911ns
    Source Clock Delay      (SCD):    0.000ns
    Clock Pessimism Removal (CPR):    0.000ns
  Clock Uncertainty:      0.025ns  ((TSJ^2 + TIJ^2)^1/2 + DJ) / 2 + PE
    Total System Jitter     (TSJ):    0.050ns
    Total Input Jitter      (TIJ):    0.000ns
    Discrete Jitter          (DJ):    0.000ns
    Phase Error              (PE):    0.000ns
  Timing Exception:       Asynchronous Clock Groups

    Location             Delay type                Incr(ns)  Path(ns)    Netlist Resource(s)
  -------------------------------------------------------------------    -------------------
    P11                                               0.000     0.000 r  io_button[4] (IN)
                         net (fo=0)                   0.000     0.000    io_button[4]
    P11                  IBUF (Prop_ibuf_I_O)         1.529     1.529 r  io_button_IBUF[4]_inst/O
                         net (fo=1, routed)           4.581     6.110    game_datapath/gameStates/forLoop_idx_0_1380194573[4].io_button_cond/sync/io_button_IBUF[0]
    SLICE_X62Y90         FDRE                                         r  game_datapath/gameStates/forLoop_idx_0_1380194573[4].io_button_cond/sync/D_pipe_q_reg[0]/D
  -------------------------------------------------------------------    -------------------

                         (clock clk_0 rise edge)      0.000     0.000 r  
    N14                                               0.000     0.000 r  clk (IN)
                         net (fo=0)                   0.000     0.000    clk
    N14                  IBUF (Prop_ibuf_I_O)         1.446     1.446 r  clk_IBUF_inst/O
                         net (fo=1, routed)           1.868     3.314    clk_IBUF
    BUFGCTRL_X0Y0        BUFG (Prop_bufg_I_O)         0.091     3.405 r  clk_IBUF_BUFG_inst/O
                         net (fo=652, routed)         1.507     4.911    game_datapath/gameStates/forLoop_idx_0_1380194573[4].io_button_cond/sync/clk_IBUF_BUFG
    SLICE_X62Y90         FDRE                                         r  game_datapath/gameStates/forLoop_idx_0_1380194573[4].io_button_cond/sync/D_pipe_q_reg[0]/C

Slack:                    inf
  Source:                 player_1_blue_button
                            (input port)
  Destination:            game_datapath/gameStates/p1_blue_btn_cond/sync/D_pipe_q_reg[0]/D
                            (rising edge-triggered cell FDRE clocked by clk_0  {rise@0.000ns fall@50.000ns period=100.000ns})
  Path Group:             (none)
  Path Type:              Setup (Max at Slow Process Corner)
  Data Path Delay:        6.079ns  (logic 1.516ns (24.941%)  route 4.563ns (75.059%))
  Logic Levels:           1  (IBUF=1)
  Clock Path Skew:        4.911ns (DCD - SCD + CPR)
    Destination Clock Delay (DCD):    4.911ns
    Source Clock Delay      (SCD):    0.000ns
    Clock Pessimism Removal (CPR):    0.000ns
  Clock Uncertainty:      0.025ns  ((TSJ^2 + TIJ^2)^1/2 + DJ) / 2 + PE
    Total System Jitter     (TSJ):    0.050ns
    Total Input Jitter      (TIJ):    0.000ns
    Discrete Jitter          (DJ):    0.000ns
    Phase Error              (PE):    0.000ns
  Timing Exception:       Asynchronous Clock Groups

    Location             Delay type                Incr(ns)  Path(ns)    Netlist Resource(s)
  -------------------------------------------------------------------    -------------------
    R12                                               0.000     0.000 r  player_1_blue_button (IN)
                         net (fo=0)                   0.000     0.000    player_1_blue_button
    R12                  IBUF (Prop_ibuf_I_O)         1.516     1.516 r  player_1_blue_button_IBUF_inst/O
                         net (fo=2, routed)           4.563     6.079    game_datapath/gameStates/p1_blue_btn_cond/sync/io_led[0]_OBUF[0]
    SLICE_X63Y90         FDRE                                         r  game_datapath/gameStates/p1_blue_btn_cond/sync/D_pipe_q_reg[0]/D
  -------------------------------------------------------------------    -------------------

                         (clock clk_0 rise edge)      0.000     0.000 r  
    N14                                               0.000     0.000 r  clk (IN)
                         net (fo=0)                   0.000     0.000    clk
    N14                  IBUF (Prop_ibuf_I_O)         1.446     1.446 r  clk_IBUF_inst/O
                         net (fo=1, routed)           1.868     3.314    clk_IBUF
    BUFGCTRL_X0Y0        BUFG (Prop_bufg_I_O)         0.091     3.405 r  clk_IBUF_BUFG_inst/O
                         net (fo=652, routed)         1.507     4.911    game_datapath/gameStates/p1_blue_btn_cond/sync/clk_IBUF_BUFG
    SLICE_X63Y90         FDRE                                         r  game_datapath/gameStates/p1_blue_btn_cond/sync/D_pipe_q_reg[0]/C

Slack:                    inf
  Source:                 player_1_red_or_start_button
                            (input port)
  Destination:            game_datapath/gameStates/p1_red_or_start_btn_cond/sync/D_pipe_q_reg[0]/D
                            (rising edge-triggered cell FDRE clocked by clk_0  {rise@0.000ns fall@50.000ns period=100.000ns})
  Path Group:             (none)
  Path Type:              Setup (Max at Slow Process Corner)
  Data Path Delay:        5.871ns  (logic 1.500ns (25.554%)  route 4.371ns (74.446%))
  Logic Levels:           1  (IBUF=1)
  Clock Path Skew:        4.905ns (DCD - SCD + CPR)
    Destination Clock Delay (DCD):    4.905ns
    Source Clock Delay      (SCD):    0.000ns
    Clock Pessimism Removal (CPR):    0.000ns
  Clock Uncertainty:      0.025ns  ((TSJ^2 + TIJ^2)^1/2 + DJ) / 2 + PE
    Total System Jitter     (TSJ):    0.050ns
    Total Input Jitter      (TIJ):    0.000ns
    Discrete Jitter          (DJ):    0.000ns
    Phase Error              (PE):    0.000ns
  Timing Exception:       Asynchronous Clock Groups

    Location             Delay type                Incr(ns)  Path(ns)    Netlist Resource(s)
  -------------------------------------------------------------------    -------------------
    T13                                               0.000     0.000 r  player_1_red_or_start_button (IN)
                         net (fo=0)                   0.000     0.000    player_1_red_or_start_button
    T13                  IBUF (Prop_ibuf_I_O)         1.500     1.500 r  player_1_red_or_start_button_IBUF_inst/O
                         net (fo=2, routed)           4.371     5.871    game_datapath/gameStates/p1_red_or_start_btn_cond/sync/io_led[0]_OBUF[0]
    SLICE_X58Y83         FDRE                                         r  game_datapath/gameStates/p1_red_or_start_btn_cond/sync/D_pipe_q_reg[0]/D
  -------------------------------------------------------------------    -------------------

                         (clock clk_0 rise edge)      0.000     0.000 r  
    N14                                               0.000     0.000 r  clk (IN)
                         net (fo=0)                   0.000     0.000    clk
    N14                  IBUF (Prop_ibuf_I_O)         1.446     1.446 r  clk_IBUF_inst/O
                         net (fo=1, routed)           1.868     3.314    clk_IBUF
    BUFGCTRL_X0Y0        BUFG (Prop_bufg_I_O)         0.091     3.405 r  clk_IBUF_BUFG_inst/O
                         net (fo=652, routed)         1.501     4.905    game_datapath/gameStates/p1_red_or_start_btn_cond/sync/clk_IBUF_BUFG
    SLICE_X58Y83         FDRE                                         r  game_datapath/gameStates/p1_red_or_start_btn_cond/sync/D_pipe_q_reg[0]/C

Slack:                    inf
  Source:                 player_1_green_button
                            (input port)
  Destination:            game_datapath/gameStates/p1_green_btn_cond/sync/D_pipe_q_reg[0]/D
                            (rising edge-triggered cell FDRE clocked by clk_0  {rise@0.000ns fall@50.000ns period=100.000ns})
  Path Group:             (none)
  Path Type:              Setup (Max at Slow Process Corner)
  Data Path Delay:        5.803ns  (logic 1.519ns (26.174%)  route 4.284ns (73.826%))
  Logic Levels:           1  (IBUF=1)
  Clock Path Skew:        4.902ns (DCD - SCD + CPR)
    Destination Clock Delay (DCD):    4.902ns
    Source Clock Delay      (SCD):    0.000ns
    Clock Pessimism Removal (CPR):    0.000ns
  Clock Uncertainty:      0.025ns  ((TSJ^2 + TIJ^2)^1/2 + DJ) / 2 + PE
    Total System Jitter     (TSJ):    0.050ns
    Total Input Jitter      (TIJ):    0.000ns
    Discrete Jitter          (DJ):    0.000ns
    Phase Error              (PE):    0.000ns
  Timing Exception:       Asynchronous Clock Groups

    Location             Delay type                Incr(ns)  Path(ns)    Netlist Resource(s)
  -------------------------------------------------------------------    -------------------
    N11                                               0.000     0.000 r  player_1_green_button (IN)
                         net (fo=0)                   0.000     0.000    player_1_green_button
    N11                  IBUF (Prop_ibuf_I_O)         1.519     1.519 r  player_1_green_button_IBUF_inst/O
                         net (fo=2, routed)           4.284     5.803    game_datapath/gameStates/p1_green_btn_cond/sync/io_led[0]_OBUF[0]
    SLICE_X62Y80         FDRE                                         r  game_datapath/gameStates/p1_green_btn_cond/sync/D_pipe_q_reg[0]/D
  -------------------------------------------------------------------    -------------------

                         (clock clk_0 rise edge)      0.000     0.000 r  
    N14                                               0.000     0.000 r  clk (IN)
                         net (fo=0)                   0.000     0.000    clk
    N14                  IBUF (Prop_ibuf_I_O)         1.446     1.446 r  clk_IBUF_inst/O
                         net (fo=1, routed)           1.868     3.314    clk_IBUF
    BUFGCTRL_X0Y0        BUFG (Prop_bufg_I_O)         0.091     3.405 r  clk_IBUF_BUFG_inst/O
                         net (fo=652, routed)         1.498     4.902    game_datapath/gameStates/p1_green_btn_cond/sync/clk_IBUF_BUFG
    SLICE_X62Y80         FDRE                                         r  game_datapath/gameStates/p1_green_btn_cond/sync/D_pipe_q_reg[0]/C

Slack:                    inf
  Source:                 player_2_green_button
                            (input port)
  Destination:            game_datapath/gameStates/p2_green_btn_cond/sync/D_pipe_q_reg[0]/D
                            (rising edge-triggered cell FDRE clocked by clk_0  {rise@0.000ns fall@50.000ns period=100.000ns})
  Path Group:             (none)
  Path Type:              Setup (Max at Slow Process Corner)
  Data Path Delay:        3.613ns  (logic 1.484ns (41.062%)  route 2.130ns (58.938%))
  Logic Levels:           1  (IBUF=1)
  Clock Path Skew:        4.902ns (DCD - SCD + CPR)
    Destination Clock Delay (DCD):    4.902ns
    Source Clock Delay      (SCD):    0.000ns
    Clock Pessimism Removal (CPR):    0.000ns
  Clock Uncertainty:      0.025ns  ((TSJ^2 + TIJ^2)^1/2 + DJ) / 2 + PE
    Total System Jitter     (TSJ):    0.050ns
    Total Input Jitter      (TIJ):    0.000ns
    Discrete Jitter          (DJ):    0.000ns
    Phase Error              (PE):    0.000ns
  Timing Exception:       Asynchronous Clock Groups

    Location             Delay type                Incr(ns)  Path(ns)    Netlist Resource(s)
  -------------------------------------------------------------------    -------------------
    M2                                                0.000     0.000 r  player_2_green_button (IN)
                         net (fo=0)                   0.000     0.000    player_2_green_button
    M2                   IBUF (Prop_ibuf_I_O)         1.484     1.484 r  player_2_green_button_IBUF_inst/O
                         net (fo=2, routed)           2.130     3.613    game_datapath/gameStates/p2_green_btn_cond/sync/io_led[1]_OBUF[0]
    SLICE_X62Y80         FDRE                                         r  game_datapath/gameStates/p2_green_btn_cond/sync/D_pipe_q_reg[0]/D
  -------------------------------------------------------------------    -------------------

                         (clock clk_0 rise edge)      0.000     0.000 r  
    N14                                               0.000     0.000 r  clk (IN)
                         net (fo=0)                   0.000     0.000    clk
    N14                  IBUF (Prop_ibuf_I_O)         1.446     1.446 r  clk_IBUF_inst/O
                         net (fo=1, routed)           1.868     3.314    clk_IBUF
    BUFGCTRL_X0Y0        BUFG (Prop_bufg_I_O)         0.091     3.405 r  clk_IBUF_BUFG_inst/O
                         net (fo=652, routed)         1.498     4.902    game_datapath/gameStates/p2_green_btn_cond/sync/clk_IBUF_BUFG
    SLICE_X62Y80         FDRE                                         r  game_datapath/gameStates/p2_green_btn_cond/sync/D_pipe_q_reg[0]/C

Slack:                    inf
  Source:                 player_2_blue_button
                            (input port)
  Destination:            game_datapath/gameStates/p2_blue_btn_cond/sync/D_pipe_q_reg[0]/D
                            (rising edge-triggered cell FDRE clocked by clk_0  {rise@0.000ns fall@50.000ns period=100.000ns})
  Path Group:             (none)
  Path Type:              Setup (Max at Slow Process Corner)
  Data Path Delay:        3.162ns  (logic 1.486ns (46.974%)  route 1.677ns (53.026%))
  Logic Levels:           1  (IBUF=1)
  Clock Path Skew:        4.910ns (DCD - SCD + CPR)
    Destination Clock Delay (DCD):    4.910ns
    Source Clock Delay      (SCD):    0.000ns
    Clock Pessimism Removal (CPR):    0.000ns
  Clock Uncertainty:      0.025ns  ((TSJ^2 + TIJ^2)^1/2 + DJ) / 2 + PE
    Total System Jitter     (TSJ):    0.050ns
    Total Input Jitter      (TIJ):    0.000ns
    Discrete Jitter          (DJ):    0.000ns
    Phase Error              (PE):    0.000ns
  Timing Exception:       Asynchronous Clock Groups

    Location             Delay type                Incr(ns)  Path(ns)    Netlist Resource(s)
  -------------------------------------------------------------------    -------------------
    F5                                                0.000     0.000 r  player_2_blue_button (IN)
                         net (fo=0)                   0.000     0.000    player_2_blue_button
    F5                   IBUF (Prop_ibuf_I_O)         1.486     1.486 r  player_2_blue_button_IBUF_inst/O
                         net (fo=2, routed)           1.677     3.162    game_datapath/gameStates/p2_blue_btn_cond/sync/io_led[1]_OBUF[0]
    SLICE_X63Y88         FDRE                                         r  game_datapath/gameStates/p2_blue_btn_cond/sync/D_pipe_q_reg[0]/D
  -------------------------------------------------------------------    -------------------

                         (clock clk_0 rise edge)      0.000     0.000 r  
    N14                                               0.000     0.000 r  clk (IN)
                         net (fo=0)                   0.000     0.000    clk
    N14                  IBUF (Prop_ibuf_I_O)         1.446     1.446 r  clk_IBUF_inst/O
                         net (fo=1, routed)           1.868     3.314    clk_IBUF
    BUFGCTRL_X0Y0        BUFG (Prop_bufg_I_O)         0.091     3.405 r  clk_IBUF_BUFG_inst/O
                         net (fo=652, routed)         1.506     4.910    game_datapath/gameStates/p2_blue_btn_cond/sync/clk_IBUF_BUFG
    SLICE_X63Y88         FDRE                                         r  game_datapath/gameStates/p2_blue_btn_cond/sync/D_pipe_q_reg[0]/C





Min Delay Paths
--------------------------------------------------------------------------------------
Slack:                    inf
  Source:                 player_2_red_button
                            (input port)
  Destination:            game_datapath/gameStates/p2_red_btn_cond/sync/D_pipe_q_reg[0]/D
                            (rising edge-triggered cell FDRE clocked by clk_0  {rise@0.000ns fall@50.000ns period=100.000ns})
  Path Group:             (none)
  Path Type:              Hold (Min at Fast Process Corner)
  Data Path Delay:        0.656ns  (logic 0.242ns (36.831%)  route 0.414ns (63.169%))
  Logic Levels:           1  (IBUF=1)
  Clock Path Skew:        2.052ns (DCD - SCD - CPR)
    Destination Clock Delay (DCD):    2.052ns
    Source Clock Delay      (SCD):    0.000ns
    Clock Pessimism Removal (CPR):    -0.000ns
  Timing Exception:       Asynchronous Clock Groups

    Location             Delay type                Incr(ns)  Path(ns)    Netlist Resource(s)
  -------------------------------------------------------------------    -------------------
    D6                                                0.000     0.000 r  player_2_red_button (IN)
                         net (fo=0)                   0.000     0.000    player_2_red_button
    D6                   IBUF (Prop_ibuf_I_O)         0.242     0.242 r  player_2_red_button_IBUF_inst/O
                         net (fo=2, routed)           0.414     0.656    game_datapath/gameStates/p2_red_btn_cond/sync/io_led[1]_OBUF[0]
    SLICE_X63Y90         FDRE                                         r  game_datapath/gameStates/p2_red_btn_cond/sync/D_pipe_q_reg[0]/D
  -------------------------------------------------------------------    -------------------

                         (clock clk_0 rise edge)      0.000     0.000 r  
    N14                                               0.000     0.000 r  clk (IN)
                         net (fo=0)                   0.000     0.000    clk
    N14                  IBUF (Prop_ibuf_I_O)         0.472     0.472 r  clk_IBUF_inst/O
                         net (fo=1, routed)           0.689     1.161    clk_IBUF
    BUFGCTRL_X0Y0        BUFG (Prop_bufg_I_O)         0.029     1.190 r  clk_IBUF_BUFG_inst/O
                         net (fo=652, routed)         0.862     2.052    game_datapath/gameStates/p2_red_btn_cond/sync/clk_IBUF_BUFG
    SLICE_X63Y90         FDRE                                         r  game_datapath/gameStates/p2_red_btn_cond/sync/D_pipe_q_reg[0]/C

Slack:                    inf
  Source:                 io_button[1]
                            (input port)
  Destination:            game_datapath/gameStates/colour_display/clear_button/sync/D_pipe_q_reg[0]/D
                            (rising edge-triggered cell FDRE clocked by clk_0  {rise@0.000ns fall@50.000ns period=100.000ns})
  Path Group:             (none)
  Path Type:              Hold (Min at Fast Process Corner)
  Data Path Delay:        0.806ns  (logic 0.257ns (31.857%)  route 0.549ns (68.143%))
  Logic Levels:           1  (IBUF=1)
  Clock Path Skew:        2.037ns (DCD - SCD - CPR)
    Destination Clock Delay (DCD):    2.037ns
    Source Clock Delay      (SCD):    0.000ns
    Clock Pessimism Removal (CPR):    -0.000ns
  Timing Exception:       Asynchronous Clock Groups

    Location             Delay type                Incr(ns)  Path(ns)    Netlist Resource(s)
  -------------------------------------------------------------------    -------------------
    C7                                                0.000     0.000 r  io_button[1] (IN)
                         net (fo=0)                   0.000     0.000    io_button[1]
    C7                   IBUF (Prop_ibuf_I_O)         0.257     0.257 r  io_button_IBUF[1]_inst/O
                         net (fo=1, routed)           0.549     0.806    game_datapath/gameStates/colour_display/clear_button/sync/io_button_IBUF[0]
    SLICE_X62Y75         FDRE                                         r  game_datapath/gameStates/colour_display/clear_button/sync/D_pipe_q_reg[0]/D
  -------------------------------------------------------------------    -------------------

                         (clock clk_0 rise edge)      0.000     0.000 r  
    N14                                               0.000     0.000 r  clk (IN)
                         net (fo=0)                   0.000     0.000    clk
    N14                  IBUF (Prop_ibuf_I_O)         0.472     0.472 r  clk_IBUF_inst/O
                         net (fo=1, routed)           0.689     1.161    clk_IBUF
    BUFGCTRL_X0Y0        BUFG (Prop_bufg_I_O)         0.029     1.190 r  clk_IBUF_BUFG_inst/O
                         net (fo=652, routed)         0.847     2.037    game_datapath/gameStates/colour_display/clear_button/sync/clk_IBUF_BUFG
    SLICE_X62Y75         FDRE                                         r  game_datapath/gameStates/colour_display/clear_button/sync/D_pipe_q_reg[0]/C

Slack:                    inf
  Source:                 player_2_blue_button
                            (input port)
  Destination:            game_datapath/gameStates/p2_blue_btn_cond/sync/D_pipe_q_reg[0]/D
                            (rising edge-triggered cell FDRE clocked by clk_0  {rise@0.000ns fall@50.000ns period=100.000ns})
  Path Group:             (none)
  Path Type:              Hold (Min at Fast Process Corner)
  Data Path Delay:        0.952ns  (logic 0.253ns (26.601%)  route 0.699ns (73.399%))
  Logic Levels:           1  (IBUF=1)
  Clock Path Skew:        2.051ns (DCD - SCD - CPR)
    Destination Clock Delay (DCD):    2.051ns
    Source Clock Delay      (SCD):    0.000ns
    Clock Pessimism Removal (CPR):    -0.000ns
  Timing Exception:       Asynchronous Clock Groups

    Location             Delay type                Incr(ns)  Path(ns)    Netlist Resource(s)
  -------------------------------------------------------------------    -------------------
    F5                                                0.000     0.000 r  player_2_blue_button (IN)
                         net (fo=0)                   0.000     0.000    player_2_blue_button
    F5                   IBUF (Prop_ibuf_I_O)         0.253     0.253 r  player_2_blue_button_IBUF_inst/O
                         net (fo=2, routed)           0.699     0.952    game_datapath/gameStates/p2_blue_btn_cond/sync/io_led[1]_OBUF[0]
    SLICE_X63Y88         FDRE                                         r  game_datapath/gameStates/p2_blue_btn_cond/sync/D_pipe_q_reg[0]/D
  -------------------------------------------------------------------    -------------------

                         (clock clk_0 rise edge)      0.000     0.000 r  
    N14                                               0.000     0.000 r  clk (IN)
                         net (fo=0)                   0.000     0.000    clk
    N14                  IBUF (Prop_ibuf_I_O)         0.472     0.472 r  clk_IBUF_inst/O
                         net (fo=1, routed)           0.689     1.161    clk_IBUF
    BUFGCTRL_X0Y0        BUFG (Prop_bufg_I_O)         0.029     1.190 r  clk_IBUF_BUFG_inst/O
                         net (fo=652, routed)         0.861     2.051    game_datapath/gameStates/p2_blue_btn_cond/sync/clk_IBUF_BUFG
    SLICE_X63Y88         FDRE                                         r  game_datapath/gameStates/p2_blue_btn_cond/sync/D_pipe_q_reg[0]/C

Slack:                    inf
  Source:                 player_2_green_button
                            (input port)
  Destination:            game_datapath/gameStates/p2_green_btn_cond/sync/D_pipe_q_reg[0]/D
                            (rising edge-triggered cell FDRE clocked by clk_0  {rise@0.000ns fall@50.000ns period=100.000ns})
  Path Group:             (none)
  Path Type:              Hold (Min at Fast Process Corner)
  Data Path Delay:        1.136ns  (logic 0.251ns (22.134%)  route 0.885ns (77.866%))
  Logic Levels:           1  (IBUF=1)
  Clock Path Skew:        2.043ns (DCD - SCD - CPR)
    Destination Clock Delay (DCD):    2.043ns
    Source Clock Delay      (SCD):    0.000ns
    Clock Pessimism Removal (CPR):    -0.000ns
  Timing Exception:       Asynchronous Clock Groups

    Location             Delay type                Incr(ns)  Path(ns)    Netlist Resource(s)
  -------------------------------------------------------------------    -------------------
    M2                                                0.000     0.000 r  player_2_green_button (IN)
                         net (fo=0)                   0.000     0.000    player_2_green_button
    M2                   IBUF (Prop_ibuf_I_O)         0.251     0.251 r  player_2_green_button_IBUF_inst/O
                         net (fo=2, routed)           0.885     1.136    game_datapath/gameStates/p2_green_btn_cond/sync/io_led[1]_OBUF[0]
    SLICE_X62Y80         FDRE                                         r  game_datapath/gameStates/p2_green_btn_cond/sync/D_pipe_q_reg[0]/D
  -------------------------------------------------------------------    -------------------

                         (clock clk_0 rise edge)      0.000     0.000 r  
    N14                                               0.000     0.000 r  clk (IN)
                         net (fo=0)                   0.000     0.000    clk
    N14                  IBUF (Prop_ibuf_I_O)         0.472     0.472 r  clk_IBUF_inst/O
                         net (fo=1, routed)           0.689     1.161    clk_IBUF
    BUFGCTRL_X0Y0        BUFG (Prop_bufg_I_O)         0.029     1.190 r  clk_IBUF_BUFG_inst/O
                         net (fo=652, routed)         0.853     2.043    game_datapath/gameStates/p2_green_btn_cond/sync/clk_IBUF_BUFG
    SLICE_X62Y80         FDRE                                         r  game_datapath/gameStates/p2_green_btn_cond/sync/D_pipe_q_reg[0]/C

Slack:                    inf
  Source:                 player_1_green_button
                            (input port)
  Destination:            game_datapath/gameStates/p1_green_btn_cond/sync/D_pipe_q_reg[0]/D
                            (rising edge-triggered cell FDRE clocked by clk_0  {rise@0.000ns fall@50.000ns period=100.000ns})
  Path Group:             (none)
  Path Type:              Hold (Min at Fast Process Corner)
  Data Path Delay:        2.325ns  (logic 0.286ns (12.313%)  route 2.039ns (87.687%))
  Logic Levels:           1  (IBUF=1)
  Clock Path Skew:        2.043ns (DCD - SCD - CPR)
    Destination Clock Delay (DCD):    2.043ns
    Source Clock Delay      (SCD):    0.000ns
    Clock Pessimism Removal (CPR):    -0.000ns
  Timing Exception:       Asynchronous Clock Groups

    Location             Delay type                Incr(ns)  Path(ns)    Netlist Resource(s)
  -------------------------------------------------------------------    -------------------
    N11                                               0.000     0.000 r  player_1_green_button (IN)
                         net (fo=0)                   0.000     0.000    player_1_green_button
    N11                  IBUF (Prop_ibuf_I_O)         0.286     0.286 r  player_1_green_button_IBUF_inst/O
                         net (fo=2, routed)           2.039     2.325    game_datapath/gameStates/p1_green_btn_cond/sync/io_led[0]_OBUF[0]
    SLICE_X62Y80         FDRE                                         r  game_datapath/gameStates/p1_green_btn_cond/sync/D_pipe_q_reg[0]/D
  -------------------------------------------------------------------    -------------------

                         (clock clk_0 rise edge)      0.000     0.000 r  
    N14                                               0.000     0.000 r  clk (IN)
                         net (fo=0)                   0.000     0.000    clk
    N14                  IBUF (Prop_ibuf_I_O)         0.472     0.472 r  clk_IBUF_inst/O
                         net (fo=1, routed)           0.689     1.161    clk_IBUF
    BUFGCTRL_X0Y0        BUFG (Prop_bufg_I_O)         0.029     1.190 r  clk_IBUF_BUFG_inst/O
                         net (fo=652, routed)         0.853     2.043    game_datapath/gameStates/p1_green_btn_cond/sync/clk_IBUF_BUFG
    SLICE_X62Y80         FDRE                                         r  game_datapath/gameStates/p1_green_btn_cond/sync/D_pipe_q_reg[0]/C

Slack:                    inf
  Source:                 player_1_red_or_start_button
                            (input port)
  Destination:            game_datapath/gameStates/p1_red_or_start_btn_cond/sync/D_pipe_q_reg[0]/D
                            (rising edge-triggered cell FDRE clocked by clk_0  {rise@0.000ns fall@50.000ns period=100.000ns})
  Path Group:             (none)
  Path Type:              Hold (Min at Fast Process Corner)
  Data Path Delay:        2.355ns  (logic 0.268ns (11.371%)  route 2.088ns (88.629%))
  Logic Levels:           1  (IBUF=1)
  Clock Path Skew:        2.044ns (DCD - SCD - CPR)
    Destination Clock Delay (DCD):    2.044ns
    Source Clock Delay      (SCD):    0.000ns
    Clock Pessimism Removal (CPR):    -0.000ns
  Timing Exception:       Asynchronous Clock Groups

    Location             Delay type                Incr(ns)  Path(ns)    Netlist Resource(s)
  -------------------------------------------------------------------    -------------------
    T13                                               0.000     0.000 r  player_1_red_or_start_button (IN)
                         net (fo=0)                   0.000     0.000    player_1_red_or_start_button
    T13                  IBUF (Prop_ibuf_I_O)         0.268     0.268 r  player_1_red_or_start_button_IBUF_inst/O
                         net (fo=2, routed)           2.088     2.355    game_datapath/gameStates/p1_red_or_start_btn_cond/sync/io_led[0]_OBUF[0]
    SLICE_X58Y83         FDRE                                         r  game_datapath/gameStates/p1_red_or_start_btn_cond/sync/D_pipe_q_reg[0]/D
  -------------------------------------------------------------------    -------------------

                         (clock clk_0 rise edge)      0.000     0.000 r  
    N14                                               0.000     0.000 r  clk (IN)
                         net (fo=0)                   0.000     0.000    clk
    N14                  IBUF (Prop_ibuf_I_O)         0.472     0.472 r  clk_IBUF_inst/O
                         net (fo=1, routed)           0.689     1.161    clk_IBUF
    BUFGCTRL_X0Y0        BUFG (Prop_bufg_I_O)         0.029     1.190 r  clk_IBUF_BUFG_inst/O
                         net (fo=652, routed)         0.855     2.044    game_datapath/gameStates/p1_red_or_start_btn_cond/sync/clk_IBUF_BUFG
    SLICE_X58Y83         FDRE                                         r  game_datapath/gameStates/p1_red_or_start_btn_cond/sync/D_pipe_q_reg[0]/C

Slack:                    inf
  Source:                 io_button[4]
                            (input port)
  Destination:            game_datapath/gameStates/forLoop_idx_0_1380194573[4].io_button_cond/sync/D_pipe_q_reg[0]/D
                            (rising edge-triggered cell FDRE clocked by clk_0  {rise@0.000ns fall@50.000ns period=100.000ns})
  Path Group:             (none)
  Path Type:              Hold (Min at Fast Process Corner)
  Data Path Delay:        2.401ns  (logic 0.296ns (12.345%)  route 2.105ns (87.655%))
  Logic Levels:           1  (IBUF=1)
  Clock Path Skew:        2.052ns (DCD - SCD - CPR)
    Destination Clock Delay (DCD):    2.052ns
    Source Clock Delay      (SCD):    0.000ns
    Clock Pessimism Removal (CPR):    -0.000ns
  Timing Exception:       Asynchronous Clock Groups

    Location             Delay type                Incr(ns)  Path(ns)    Netlist Resource(s)
  -------------------------------------------------------------------    -------------------
    P11                                               0.000     0.000 r  io_button[4] (IN)
                         net (fo=0)                   0.000     0.000    io_button[4]
    P11                  IBUF (Prop_ibuf_I_O)         0.296     0.296 r  io_button_IBUF[4]_inst/O
                         net (fo=1, routed)           2.105     2.401    game_datapath/gameStates/forLoop_idx_0_1380194573[4].io_button_cond/sync/io_button_IBUF[0]
    SLICE_X62Y90         FDRE                                         r  game_datapath/gameStates/forLoop_idx_0_1380194573[4].io_button_cond/sync/D_pipe_q_reg[0]/D
  -------------------------------------------------------------------    -------------------

                         (clock clk_0 rise edge)      0.000     0.000 r  
    N14                                               0.000     0.000 r  clk (IN)
                         net (fo=0)                   0.000     0.000    clk
    N14                  IBUF (Prop_ibuf_I_O)         0.472     0.472 r  clk_IBUF_inst/O
                         net (fo=1, routed)           0.689     1.161    clk_IBUF
    BUFGCTRL_X0Y0        BUFG (Prop_bufg_I_O)         0.029     1.190 r  clk_IBUF_BUFG_inst/O
                         net (fo=652, routed)         0.862     2.052    game_datapath/gameStates/forLoop_idx_0_1380194573[4].io_button_cond/sync/clk_IBUF_BUFG
    SLICE_X62Y90         FDRE                                         r  game_datapath/gameStates/forLoop_idx_0_1380194573[4].io_button_cond/sync/D_pipe_q_reg[0]/C

Slack:                    inf
  Source:                 player_1_blue_button
                            (input port)
  Destination:            game_datapath/gameStates/p1_blue_btn_cond/sync/D_pipe_q_reg[0]/D
                            (rising edge-triggered cell FDRE clocked by clk_0  {rise@0.000ns fall@50.000ns period=100.000ns})
  Path Group:             (none)
  Path Type:              Hold (Min at Fast Process Corner)
  Data Path Delay:        2.455ns  (logic 0.284ns (11.551%)  route 2.172ns (88.449%))
  Logic Levels:           1  (IBUF=1)
  Clock Path Skew:        2.052ns (DCD - SCD - CPR)
    Destination Clock Delay (DCD):    2.052ns
    Source Clock Delay      (SCD):    0.000ns
    Clock Pessimism Removal (CPR):    -0.000ns
  Timing Exception:       Asynchronous Clock Groups

    Location             Delay type                Incr(ns)  Path(ns)    Netlist Resource(s)
  -------------------------------------------------------------------    -------------------
    R12                                               0.000     0.000 r  player_1_blue_button (IN)
                         net (fo=0)                   0.000     0.000    player_1_blue_button
    R12                  IBUF (Prop_ibuf_I_O)         0.284     0.284 r  player_1_blue_button_IBUF_inst/O
                         net (fo=2, routed)           2.172     2.455    game_datapath/gameStates/p1_blue_btn_cond/sync/io_led[0]_OBUF[0]
    SLICE_X63Y90         FDRE                                         r  game_datapath/gameStates/p1_blue_btn_cond/sync/D_pipe_q_reg[0]/D
  -------------------------------------------------------------------    -------------------

                         (clock clk_0 rise edge)      0.000     0.000 r  
    N14                                               0.000     0.000 r  clk (IN)
                         net (fo=0)                   0.000     0.000    clk
    N14                  IBUF (Prop_ibuf_I_O)         0.472     0.472 r  clk_IBUF_inst/O
                         net (fo=1, routed)           0.689     1.161    clk_IBUF
    BUFGCTRL_X0Y0        BUFG (Prop_bufg_I_O)         0.029     1.190 r  clk_IBUF_BUFG_inst/O
                         net (fo=652, routed)         0.862     2.052    game_datapath/gameStates/p1_blue_btn_cond/sync/clk_IBUF_BUFG
    SLICE_X63Y90         FDRE                                         r  game_datapath/gameStates/p1_blue_btn_cond/sync/D_pipe_q_reg[0]/C

Slack:                    inf
  Source:                 rst_n
                            (input port)
  Destination:            reset_cond/D_stage_q_reg[3]/PRE
                            (removal check against rising-edge clock clk_0  {rise@0.000ns fall@50.000ns period=100.000ns})
  Path Group:             (none)
  Path Type:              Removal (Min at Fast Process Corner)
  Data Path Delay:        2.853ns  (logic 0.322ns (11.299%)  route 2.531ns (88.701%))
  Logic Levels:           2  (IBUF=1 LUT1=1)
  Clock Path Skew:        2.016ns (DCD - SCD - CPR)
    Destination Clock Delay (DCD):    2.016ns
    Source Clock Delay      (SCD):    0.000ns
    Clock Pessimism Removal (CPR):    -0.000ns
  Timing Exception:       Asynchronous Clock Groups

    Location             Delay type                Incr(ns)  Path(ns)    Netlist Resource(s)
  -------------------------------------------------------------------    -------------------
    P6                                                0.000     0.000 r  rst_n (IN)
                         net (fo=0)                   0.000     0.000    rst_n
    P6                   IBUF (Prop_ibuf_I_O)         0.277     0.277 r  rst_n_IBUF_inst/O
                         net (fo=1, routed)           2.354     2.631    reset_cond/rst_n_IBUF
    SLICE_X52Y82         LUT1 (Prop_lut1_I0_O)        0.045     2.676 f  reset_cond/D_stage_q[3]_i_1/O
                         net (fo=4, routed)           0.177     2.853    reset_cond/M_reset_cond_in
    SLICE_X50Y82         FDPE                                         f  reset_cond/D_stage_q_reg[3]/PRE
  -------------------------------------------------------------------    -------------------

                         (clock clk_0 rise edge)      0.000     0.000 r  
    N14                                               0.000     0.000 r  clk (IN)
                         net (fo=0)                   0.000     0.000    clk
    N14                  IBUF (Prop_ibuf_I_O)         0.472     0.472 r  clk_IBUF_inst/O
                         net (fo=1, routed)           0.689     1.161    clk_IBUF
    BUFGCTRL_X0Y0        BUFG (Prop_bufg_I_O)         0.029     1.190 r  clk_IBUF_BUFG_inst/O
                         net (fo=652, routed)         0.826     2.016    reset_cond/CLK
    SLICE_X50Y82         FDPE                                         r  reset_cond/D_stage_q_reg[3]/C

Slack:                    inf
  Source:                 rst_n
                            (input port)
  Destination:            reset_cond/D_stage_q_reg[0]/PRE
                            (removal check against rising-edge clock clk_0  {rise@0.000ns fall@50.000ns period=100.000ns})
  Path Group:             (none)
  Path Type:              Removal (Min at Fast Process Corner)
  Data Path Delay:        2.862ns  (logic 0.322ns (11.263%)  route 2.540ns (88.737%))
  Logic Levels:           2  (IBUF=1 LUT1=1)
  Clock Path Skew:        2.016ns (DCD - SCD - CPR)
    Destination Clock Delay (DCD):    2.016ns
    Source Clock Delay      (SCD):    0.000ns
    Clock Pessimism Removal (CPR):    -0.000ns
  Timing Exception:       Asynchronous Clock Groups

    Location             Delay type                Incr(ns)  Path(ns)    Netlist Resource(s)
  -------------------------------------------------------------------    -------------------
    P6                                                0.000     0.000 r  rst_n (IN)
                         net (fo=0)                   0.000     0.000    rst_n
    P6                   IBUF (Prop_ibuf_I_O)         0.277     0.277 r  rst_n_IBUF_inst/O
                         net (fo=1, routed)           2.354     2.631    reset_cond/rst_n_IBUF
    SLICE_X52Y82         LUT1 (Prop_lut1_I0_O)        0.045     2.676 f  reset_cond/D_stage_q[3]_i_1/O
                         net (fo=4, routed)           0.186     2.862    reset_cond/M_reset_cond_in
    SLICE_X52Y82         FDPE                                         f  reset_cond/D_stage_q_reg[0]/PRE
  -------------------------------------------------------------------    -------------------

                         (clock clk_0 rise edge)      0.000     0.000 r  
    N14                                               0.000     0.000 r  clk (IN)
                         net (fo=0)                   0.000     0.000    clk
    N14                  IBUF (Prop_ibuf_I_O)         0.472     0.472 r  clk_IBUF_inst/O
                         net (fo=1, routed)           0.689     1.161    clk_IBUF
    BUFGCTRL_X0Y0        BUFG (Prop_bufg_I_O)         0.029     1.190 r  clk_IBUF_BUFG_inst/O
                         net (fo=652, routed)         0.826     2.016    reset_cond/CLK
    SLICE_X52Y82         FDPE                                         r  reset_cond/D_stage_q_reg[0]/C





